epoch,time,train/box_loss,train/pose_loss,train/kobj_loss,train/cls_loss,train/dfl_loss,metrics/precision(B),metrics/recall(B),metrics/mAP50(B),metrics/mAP50-95(B),metrics/precision(P),metrics/recall(P),metrics/mAP50(P),metrics/mAP50-95(P),val/box_loss,val/pose_loss,val/kobj_loss,val/cls_loss,val/dfl_loss,lr/pg0,lr/pg1,lr/pg2
1,4.54973,3.45817,11.8594,0.70425,6.38068,3.69305,0.77272,0.68333,0.76516,0.40982,0,0,0,0,1.8404,11.8093,0.69535,1.49691,2.40634,0.0892,0.0012,0.0012
2,6.89443,1.00811,11.8655,0.7034,0.81654,1.74376,0.95274,1,0.995,0.86639,0,0,0,0,0.48883,11.7742,0.68054,1.52514,0.86177,0.0774951,0.00249505,0.00249505
3,9.53144,0.34561,11.7,0.66672,0.31095,1.12729,0.99166,1,0.995,0.92046,0,0,0,0,0.44865,11.781,0.64691,0.99704,0.83709,0.065785,0.00378495,0.00378495
4,11.9251,0.32823,11.5943,0.63992,0.29301,1.08589,0.99446,1,0.995,0.92323,0,0,0,0,0.4999,11.7076,0.62173,0.48302,0.92553,0.0540697,0.00506971,0.00506971
5,14.2131,0.33366,11.3898,0.62998,0.27961,1.09583,0.99829,1,0.995,0.95797,0,0,0,0,0.37506,11.6768,0.64161,0.58438,0.77375,0.0423493,0.00634931,0.00634931
6,16.4751,0.30703,11.168,0.6233,0.2791,1.05441,0.9983,1,0.995,0.91192,0,0,0,0,0.48059,11.1339,0.66803,0.44264,0.88516,0.0306238,0.00762377,0.00762377
7,18.6444,0.30954,10.9825,0.61694,0.28628,1.05013,0.99898,1,0.995,0.80812,0,0,0,0,0.54183,11.4738,0.69121,0.54169,0.94138,0.0188931,0.00889308,0.00889308
8,20.8744,0.31535,10.8186,0.59638,0.29789,1.077,0.98166,0.98333,0.99233,0.91966,0,0,0,0,0.4396,11.7823,0.70122,0.7982,0.84538,0.0098614,0.0098614,0.0098614
9,23.0845,0.31604,10.5805,0.58863,0.29198,1.05498,0.99435,0.95,0.98596,0.82932,0,0,0,0,0.53602,11.8316,0.79636,0.87302,0.98859,0.0098416,0.0098416,0.0098416
10,25.2931,0.30537,10.2981,0.58648,0.29519,1.04535,0.9214,0.93333,0.98151,0.81733,0,0,0,0,0.5685,11.6607,0.70104,1.14709,1.03717,0.0098218,0.0098218,0.0098218
11,27.577,0.31291,10.0818,0.57693,0.28628,1.06007,0.90672,0.97207,0.98031,0.78638,0,0,0,0,0.60398,11.5809,0.64567,0.78904,1.13699,0.009802,0.009802,0.009802
12,29.8455,0.27253,9.84682,0.57681,0.27248,1.03266,0.82623,0.87177,0.92744,0.62066,0.01444,0.03333,0.0025,0.00037,0.95712,11.0672,0.67316,1.49762,1.85444,0.0097822,0.0097822,0.0097822
13,32.0039,0.27231,9.47675,0.57399,0.26514,1.0037,0.91038,0.96667,0.97581,0.74517,0,0,0,0,0.61965,11.3939,0.63544,1.22227,1.09631,0.0097624,0.0097624,0.0097624
14,34.2129,0.25978,9.34933,0.567,0.255,0.99303,0.97317,1,0.99484,0.90991,0,0,0,0,0.44716,10.7034,0.58577,0.69329,0.87068,0.0097426,0.0097426,0.0097426
15,36.3885,0.25546,9.22156,0.56069,0.2614,0.99393,0.97374,1,0.99451,0.95392,0,0,0,0,0.3279,10.1657,0.59024,0.73391,0.67857,0.0097228,0.0097228,0.0097228
16,38.6408,0.26104,9.17009,0.55702,0.25054,1.0089,0.99091,1,0.995,0.89011,0,0,0,0,0.60658,10.3862,0.5989,0.91021,1.13345,0.009703,0.009703,0.009703
17,40.8569,0.23455,8.91549,0.55894,0.23561,0.99032,0.99875,1,0.995,0.92802,0.01667,0.01667,0.00286,0.00114,0.42358,9.88513,0.58191,0.47635,0.8023,0.0096832,0.0096832,0.0096832
18,43.0946,0.22655,8.64031,0.56202,0.22519,0.9683,0.99739,1,0.995,0.90653,0.03601,0.05,0.01008,0.00167,0.38501,9.1099,0.55891,0.55717,0.78545,0.0096634,0.0096634,0.0096634
19,45.298,0.20684,8.51546,0.55056,0.21714,0.97153,0.99493,1,0.995,0.92825,0.0034,0.01667,0.00174,0.0007,0.37697,9.74893,0.56287,0.92045,0.70027,0.0096436,0.0096436,0.0096436
20,47.4608,0.21659,8.36332,0.54673,0.21497,0.95773,0.99523,1,0.995,0.98191,0.08331,0.08333,0.0302,0.00692,0.30908,8.67692,0.55451,0.48946,0.63805,0.0096238,0.0096238,0.0096238
21,49.6374,0.20533,8.1497,0.54076,0.21433,0.96226,0.99824,1,0.995,0.93182,0.1268,0.11667,0.05804,0.01664,0.42726,8.67665,0.54104,0.44258,0.7735,0.009604,0.009604,0.009604
22,52.1404,0.22354,8.14845,0.54207,0.22425,0.96925,0.96523,1,0.99235,0.91836,0,0,0,0,0.50316,9.12693,0.55116,0.51765,0.92128,0.0095842,0.0095842,0.0095842
23,54.3084,0.21001,8.06197,0.54101,0.22659,0.95137,0.99656,1,0.995,0.96782,0,0,0,0,0.31948,9.14816,0.53998,0.42365,0.67354,0.0095644,0.0095644,0.0095644
24,56.5234,0.21037,7.67527,0.52785,0.21418,0.98193,0.99846,1,0.995,0.95922,0.0999,0.1,0.02188,0.00366,0.37063,7.80971,0.53144,0.41138,0.70025,0.0095446,0.0095446,0.0095446
25,58.6695,0.19401,7.66631,0.52995,0.19642,0.96015,0.99886,1,0.995,0.95238,0.06682,0.06667,0.0151,0.00382,0.36997,8.60504,0.524,0.42942,0.71467,0.0095248,0.0095248,0.0095248
26,60.8723,0.19791,7.69399,0.53205,0.20215,0.94218,0.99856,1,0.995,0.96335,0,0,0,0,0.29427,8.08076,0.5295,0.28171,0.61432,0.009505,0.009505,0.009505
27,63.0747,0.19029,7.68872,0.52886,0.19636,0.95368,0.99862,1,0.995,0.97729,0.1998,0.2,0.07431,0.01803,0.31923,7.50249,0.52414,0.34274,0.65109,0.0094852,0.0094852,0.0094852
28,65.3496,0.19776,7.45298,0.52581,0.2043,0.96668,0.99784,1,0.995,0.949,0.03331,0.03333,0.00821,0.00411,0.4029,7.55142,0.52381,0.39195,0.77536,0.0094654,0.0094654,0.0094654
29,67.5358,0.19446,7.35609,0.52184,0.20011,0.95651,0.99851,1,0.995,0.97069,0.11788,0.11667,0.07934,0.02273,0.37897,6.95378,0.51737,0.40574,0.73973,0.0094456,0.0094456,0.0094456
30,69.7497,0.20277,7.2985,0.52262,0.20594,0.96111,0.99868,1,0.995,0.95906,0.12531,0.11667,0.0437,0.00757,0.37532,7.43465,0.51492,0.42372,0.81167,0.0094258,0.0094258,0.0094258
31,71.9422,0.19008,6.99442,0.52014,0.19305,0.92887,0.99909,1,0.995,0.98548,0.16662,0.16667,0.05822,0.01204,0.29106,7.05318,0.51326,0.43712,0.67247,0.009406,0.009406,0.009406
32,74.1536,0.19195,6.94122,0.51719,0.19641,0.95008,0.99906,1,0.995,0.97803,0.08461,0.08333,0.02738,0.00541,0.30527,7.21435,0.51346,0.37282,0.65743,0.0093862,0.0093862,0.0093862
33,76.3704,0.18482,7.16358,0.51838,0.19092,0.94505,0.99901,1,0.995,0.95499,0.13331,0.13333,0.04868,0.0173,0.37284,6.7681,0.50812,0.44474,0.74114,0.0093664,0.0093664,0.0093664
34,78.6367,0.17634,6.96665,0.51707,0.19669,0.93771,0.99855,1,0.995,0.9466,0.14988,0.15,0.04238,0.01745,0.32321,6.72253,0.50455,0.40033,0.67689,0.0093466,0.0093466,0.0093466
35,80.793,0.1755,6.86205,0.51352,0.18942,0.93342,0.99888,1,0.995,0.95925,0.14034,0.13333,0.05234,0.02009,0.36965,6.42246,0.50676,0.47123,0.75292,0.0093268,0.0093268,0.0093268
36,82.9351,0.17797,6.97069,0.51611,0.19095,0.92573,0.99878,1,0.995,0.97922,0.19996,0.2,0.08939,0.02881,0.31961,6.88027,0.50522,0.41133,0.68512,0.009307,0.009307,0.009307
37,85.1159,0.18415,6.79789,0.50927,0.19381,0.95185,0.9981,1,0.995,0.98701,0.16659,0.16667,0.08929,0.01453,0.29373,6.39221,0.50134,0.38704,0.65352,0.0092872,0.0092872,0.0092872
38,87.2882,0.18079,6.73598,0.50677,0.19028,0.93458,0.99708,1,0.995,0.97728,0.11655,0.11667,0.04401,0.0108,0.27934,6.51804,0.50371,0.45266,0.63797,0.0092674,0.0092674,0.0092674
39,89.7344,0.1691,6.8933,0.5125,0.18568,0.93649,0.99799,1,0.995,0.94438,0.14987,0.15,0.05853,0.01535,0.30972,6.51201,0.50069,0.37888,0.69255,0.0092476,0.0092476,0.0092476
40,91.9971,0.18096,6.53793,0.50617,0.1887,0.92795,0.99905,1,0.995,0.95825,0.21648,0.21667,0.10835,0.0471,0.33327,6.28533,0.50732,0.35688,0.69589,0.0092278,0.0092278,0.0092278
41,94.152,0.17359,6.52277,0.50808,0.19454,0.94474,0.99906,1,0.995,0.96606,0.2076,0.2,0.09861,0.0475,0.32075,6.13995,0.50549,0.35181,0.68234,0.009208,0.009208,0.009208
42,96.3296,0.17085,6.47753,0.50494,0.18893,0.92539,0.99905,1,0.995,0.98789,0.16661,0.16667,0.06915,0.01349,0.28396,6.63247,0.50507,0.33743,0.65348,0.0091882,0.0091882,0.0091882
43,98.4649,0.17348,6.43102,0.50113,0.18045,0.93399,0.99861,1,0.995,0.98113,0.26653,0.26667,0.13851,0.04265,0.29124,5.94936,0.50778,0.35763,0.62365,0.0091684,0.0091684,0.0091684
44,100.697,0.17162,6.47386,0.49785,0.17442,0.94382,0.99903,1,0.995,0.97087,0.29992,0.3,0.20599,0.04423,0.29999,5.92935,0.50478,0.30548,0.64966,0.0091486,0.0091486,0.0091486
45,103.015,0.16083,6.21919,0.50319,0.17454,0.92272,0.99903,1,0.995,0.95847,0.17422,0.18333,0.08004,0.02777,0.34227,6.15869,0.50321,0.38157,0.73257,0.0091288,0.0091288,0.0091288
46,105.22,0.17417,6.27312,0.50474,0.17702,0.93407,0.99832,1,0.995,0.96593,0.23297,0.23333,0.14695,0.03999,0.32052,6.23661,0.4985,0.40663,0.73135,0.009109,0.009109,0.009109
47,107.356,0.16823,6.16735,0.50357,0.17701,0.92841,0.99813,1,0.995,0.96288,0.29961,0.3,0.20121,0.06443,0.29917,5.55298,0.4989,0.345,0.67775,0.0090892,0.0090892,0.0090892
48,109.511,0.16468,6.29556,0.4967,0.17449,0.93483,0.99873,1,0.995,0.97732,0.26654,0.26667,0.14857,0.04182,0.27927,5.95593,0.49748,0.2823,0.61526,0.0090694,0.0090694,0.0090694
49,111.675,0.16611,6.07789,0.49417,0.17037,0.92408,0.99894,1,0.995,0.98095,0.29987,0.3,0.15518,0.04413,0.26401,5.86027,0.49663,0.30723,0.61385,0.0090496,0.0090496,0.0090496
50,113.906,0.17464,6.361,0.50215,0.17542,0.93395,0.99725,1,0.995,0.97991,0.31652,0.31667,0.16732,0.03734,0.27023,5.75634,0.49626,0.33213,0.63237,0.0090298,0.0090298,0.0090298
51,116.099,0.17621,6.08389,0.49803,0.17435,0.93336,0.99747,1,0.995,0.98555,0.1833,0.18333,0.08316,0.02527,0.27559,6.13909,0.49306,0.32062,0.6244,0.00901,0.00901,0.00901
52,118.31,0.15806,6.02698,0.49415,0.17066,0.91646,0.99899,1,0.995,0.99138,0.24985,0.25,0.10738,0.02352,0.24124,5.83852,0.49605,0.43256,0.58218,0.0089902,0.0089902,0.0089902
53,120.471,0.17255,5.95122,0.49835,0.1731,0.93416,0.99901,1,0.995,0.98109,0.19998,0.2,0.09144,0.03918,0.28033,5.52172,0.49113,0.38194,0.62,0.0089704,0.0089704,0.0089704
54,122.652,0.16089,5.83233,0.49427,0.16964,0.92255,0.99808,1,0.995,0.97796,0.27364,0.26667,0.20766,0.06565,0.28046,5.77548,0.49134,0.33736,0.61398,0.0089506,0.0089506,0.0089506
55,124.841,0.16175,6.05341,0.49544,0.16864,0.91448,0.99303,1,0.995,0.97593,0.24994,0.25,0.14035,0.06297,0.30182,5.80188,0.49247,0.33745,0.63845,0.0089308,0.0089308,0.0089308
56,127.299,0.16234,5.88138,0.49617,0.17012,0.92659,0.99902,1,0.995,0.97251,0.36644,0.36667,0.21008,0.06047,0.30146,5.48952,0.48973,0.36344,0.69186,0.008911,0.008911,0.008911
57,129.517,0.16791,5.96667,0.49477,0.17436,0.92041,0.99881,1,0.995,0.98075,0.26847,0.26667,0.14116,0.04775,0.26531,5.65251,0.49342,0.32337,0.61584,0.0088912,0.0088912,0.0088912
58,131.739,0.15772,5.93971,0.48945,0.16798,0.92779,0.99904,1,0.995,0.98411,0.24994,0.25,0.17351,0.04356,0.2821,5.56041,0.49524,0.31738,0.63875,0.0088714,0.0088714,0.0088714
59,133.894,0.15067,5.72949,0.49093,0.1689,0.93056,0.99906,1,0.995,0.98602,0.28314,0.28333,0.18483,0.05955,0.24927,5.96962,0.49029,0.33233,0.58816,0.0088516,0.0088516,0.0088516
60,136.096,0.15264,5.75117,0.49148,0.16874,0.91134,0.99864,1,0.995,0.9782,0.38316,0.38333,0.28454,0.07691,0.27435,5.51509,0.4887,0.337,0.64383,0.0088318,0.0088318,0.0088318
61,138.299,0.15383,5.71064,0.49621,0.16828,0.91073,0.99895,1,0.995,0.98044,0.34972,0.35,0.20366,0.06949,0.26733,5.26004,0.48717,0.34621,0.62844,0.008812,0.008812,0.008812
62,140.55,0.15347,5.63993,0.49484,0.17087,0.90901,0.99903,1,0.995,0.989,0.46643,0.46667,0.37549,0.11351,0.24946,5.39811,0.48708,0.31843,0.59593,0.0087922,0.0087922,0.0087922
63,142.778,0.15517,5.57573,0.48356,0.16474,0.92074,0.99864,1,0.995,0.984,0.11653,0.11667,0.04583,0.00831,0.26722,5.78662,0.4777,0.36657,0.60024,0.0087724,0.0087724,0.0087724
64,144.984,0.15233,5.56067,0.49072,0.16689,0.91394,0.99803,1,0.995,0.9764,0.283,0.28333,0.15114,0.01945,0.32792,5.52368,0.47636,0.3802,0.69237,0.0087526,0.0087526,0.0087526
65,147.138,0.15343,5.59028,0.48822,0.17197,0.93502,0.99687,1,0.995,0.98057,0.42179,0.41667,0.30586,0.06789,0.30326,5.15187,0.47959,0.37862,0.64109,0.0087328,0.0087328,0.0087328
66,149.339,0.15504,5.63533,0.48632,0.16786,0.90833,0.98271,1,0.99451,0.98822,0.31275,0.3,0.21672,0.08081,0.28058,5.31542,0.47369,0.35059,0.6212,0.008713,0.008713,0.008713
67,151.576,0.15245,5.51508,0.4859,0.16442,0.92079,0.99472,1,0.995,0.99096,0.37101,0.36667,0.25648,0.08636,0.26917,5.18133,0.47663,0.33171,0.60472,0.0086932,0.0086932,0.0086932
68,153.799,0.15802,5.55036,0.48431,0.16313,0.92578,0.99601,1,0.995,0.98645,0.33225,0.33333,0.20622,0.06797,0.27654,5.26482,0.47597,0.29757,0.5889,0.0086734,0.0086734,0.0086734
69,155.934,0.15395,5.4713,0.48202,0.16137,0.91894,0.99866,1,0.995,0.98206,0.36877,0.36667,0.27274,0.06651,0.29093,5.52081,0.4798,0.28747,0.62349,0.0086536,0.0086536,0.0086536
70,158.112,0.15702,5.5648,0.4815,0.16432,0.9199,0.99884,1,0.995,0.9777,0.43331,0.43333,0.26882,0.06614,0.24759,5.36417,0.47618,0.30455,0.57928,0.0086338,0.0086338,0.0086338
71,160.285,0.13848,5.39817,0.4848,0.15391,0.91548,0.99885,1,0.995,0.9793,0.5993,0.6,0.46142,0.10193,0.24348,4.93539,0.47604,0.29328,0.56862,0.008614,0.008614,0.008614
72,162.571,0.15522,5.35519,0.48395,0.16309,0.92139,0.99897,1,0.995,0.97986,0.51621,0.51667,0.39302,0.10152,0.23399,4.95532,0.47363,0.30626,0.56948,0.0085942,0.0085942,0.0085942
73,164.807,0.15148,5.18164,0.48271,0.15975,0.91258,0.99893,1,0.995,0.99144,0.49972,0.5,0.35172,0.08038,0.2417,4.98604,0.47427,0.32751,0.58549,0.0085744,0.0085744,0.0085744
74,167.018,0.15145,5.39478,0.48015,0.16114,0.92495,0.9978,1,0.995,0.9905,0.64969,0.65,0.60293,0.18816,0.24324,4.73975,0.47838,0.33397,0.57754,0.0085546,0.0085546,0.0085546
75,169.255,0.14337,5.28256,0.47914,0.15677,0.91905,0.98779,1,0.995,0.98744,0.41415,0.41667,0.31075,0.11925,0.24535,5.01511,0.47601,0.3369,0.55789,0.0085348,0.0085348,0.0085348
76,171.617,0.14615,5.16516,0.47732,0.15921,0.91249,0.99909,1,0.995,0.9919,0.56645,0.56667,0.51978,0.13253,0.22858,4.81674,0.47669,0.30837,0.55727,0.008515,0.008515,0.008515
77,173.763,0.13379,5.21979,0.47615,0.15389,0.90066,0.99912,1,0.995,0.98779,0.54969,0.55,0.48866,0.17014,0.25811,4.88228,0.47415,0.28818,0.58324,0.0084952,0.0084952,0.0084952
78,176.016,0.15151,5.14859,0.4777,0.15945,0.91749,0.99891,1,0.995,0.98896,0.58314,0.58333,0.51123,0.15388,0.24942,4.82837,0.47691,0.32116,0.569,0.0084754,0.0084754,0.0084754
79,178.269,0.14232,5.20649,0.47837,0.15659,0.89651,0.99876,1,0.995,0.98412,0.63295,0.63333,0.53105,0.16235,0.25368,4.70494,0.47173,0.3096,0.58002,0.0084556,0.0084556,0.0084556
80,180.466,0.14572,4.94729,0.48168,0.15395,0.90588,0.99658,1,0.995,0.99332,0.48267,0.48333,0.39481,0.10715,0.22524,5.02285,0.46,0.29575,0.55532,0.0084358,0.0084358,0.0084358
81,182.605,0.14389,4.96222,0.48104,0.15412,0.90484,0.99607,1,0.995,0.98317,0.35411,0.35,0.36039,0.14375,0.25854,5.08417,0.46746,0.33796,0.59098,0.008416,0.008416,0.008416
82,184.794,0.14425,5.11661,0.47321,0.15407,0.90278,0.99857,1,0.995,0.98969,0.54955,0.55,0.41434,0.12539,0.26105,4.7717,0.4643,0.32193,0.60281,0.0083962,0.0083962,0.0083962
83,186.992,0.1501,5.06376,0.47696,0.15785,0.92404,0.99891,1,0.995,0.98046,0.64952,0.65,0.52997,0.14099,0.25047,4.75328,0.46749,0.34898,0.57654,0.0083764,0.0083764,0.0083764
84,189.195,0.14399,5.00582,0.47378,0.15609,0.91693,0.99545,1,0.995,0.99429,0.53101,0.53333,0.41015,0.09974,0.22071,5.07808,0.46082,0.29941,0.54247,0.0083566,0.0083566,0.0083566
85,191.455,0.14145,4.95212,0.4738,0.15129,0.91389,0.99648,1,0.995,0.99257,0.6979,0.7,0.57632,0.18298,0.21668,4.49003,0.46472,0.27043,0.53707,0.0083368,0.0083368,0.0083368
86,193.683,0.13841,4.90604,0.4791,0.15103,0.90198,0.9984,1,0.995,0.98946,0.63254,0.63333,0.58557,0.18894,0.24484,4.4676,0.46601,0.28009,0.56161,0.008317,0.008317,0.008317
87,195.895,0.13921,4.95819,0.47314,0.15002,0.91616,0.99832,1,0.995,0.98619,0.51584,0.51667,0.40062,0.09892,0.25339,4.87746,0.46192,0.25458,0.57207,0.0082972,0.0082972,0.0082972
88,198.07,0.13932,5.01944,0.47581,0.15198,0.90914,0.99909,1,0.995,0.98204,0.63276,0.63333,0.51087,0.13205,0.24954,4.66567,0.45983,0.27157,0.57319,0.0082774,0.0082774,0.0082774
89,200.233,0.14168,4.97157,0.47348,0.15305,0.90394,0.99909,1,0.995,0.97933,0.4331,0.43333,0.34368,0.07206,0.22894,5.28835,0.46008,0.27577,0.5565,0.0082576,0.0082576,0.0082576
90,202.452,0.14251,4.98805,0.47123,0.14632,0.91803,0.99834,1,0.995,0.98296,0.69896,0.7,0.62947,0.14977,0.24241,4.68534,0.45861,0.28672,0.55825,0.0082378,0.0082378,0.0082378
91,204.67,0.1375,4.91452,0.47275,0.14756,0.91125,0.99515,1,0.995,0.9829,0.67988,0.68333,0.59206,0.1641,0.22784,4.54381,0.45826,0.33507,0.55979,0.008218,0.008218,0.008218
92,206.846,0.1391,4.99481,0.47332,0.15019,0.90718,0.99868,1,0.995,0.97299,0.69906,0.7,0.56922,0.16999,0.25538,4.44484,0.46173,0.32432,0.61633,0.0081982,0.0081982,0.0081982
93,208.983,0.1368,4.87591,0.46727,0.14791,0.91303,0.99894,1,0.995,0.95155,0.61628,0.61667,0.51305,0.17084,0.30431,4.57084,0.46082,0.40459,0.67736,0.0081784,0.0081784,0.0081784
94,211.412,0.14491,4.82914,0.46843,0.14839,0.91026,0.99912,1,0.995,0.9826,0.68325,0.68333,0.56394,0.16565,0.25759,4.49907,0.4636,0.35575,0.62669,0.0081586,0.0081586,0.0081586
95,213.638,0.14041,4.99452,0.46933,0.14122,0.89957,0.99909,1,0.995,0.98808,0.7663,0.76667,0.71593,0.20565,0.25387,4.38393,0.46121,0.31951,0.5929,0.0081388,0.0081388,0.0081388
96,215.914,0.14073,4.82687,0.46861,0.14312,0.91956,0.99834,1,0.995,0.98912,0.59904,0.6,0.46276,0.12509,0.26119,4.70895,0.45457,0.34712,0.59105,0.008119,0.008119,0.008119
97,218.232,0.13437,4.98396,0.47297,0.1449,0.90353,0.99911,1,0.995,0.9925,0.59951,0.6,0.47839,0.13966,0.24478,4.73939,0.45321,0.27747,0.54893,0.0080992,0.0080992,0.0080992
98,220.532,0.1342,4.77293,0.47159,0.14361,0.90198,0.99902,1,0.995,0.99276,0.6327,0.63333,0.5109,0.12543,0.23871,4.58979,0.45437,0.30322,0.55366,0.0080794,0.0080794,0.0080794
99,222.674,0.13863,4.91625,0.47124,0.14795,0.91185,0.99904,1,0.995,0.98867,0.74958,0.75,0.69925,0.20264,0.22564,4.30078,0.4554,0.3147,0.56992,0.0080596,0.0080596,0.0080596
100,224.868,0.13471,4.7324,0.46427,0.14603,0.91645,0.99909,1,0.995,0.98983,0.54968,0.55,0.43549,0.12197,0.24566,4.93326,0.454,0.33103,0.57363,0.0080398,0.0080398,0.0080398
101,227.121,0.14017,4.8027,0.4617,0.14602,0.92221,0.99911,1,0.995,0.98937,0.68279,0.68333,0.54512,0.15631,0.23972,4.52422,0.45194,0.30223,0.57615,0.00802,0.00802,0.00802
102,229.417,0.13584,4.83229,0.45996,0.1442,0.90455,0.99898,1,0.995,0.98355,0.68281,0.68333,0.57165,0.15077,0.2493,4.49612,0.44868,0.29638,0.59222,0.0080002,0.0080002,0.0080002
103,231.595,0.14123,4.66913,0.46382,0.15433,0.90148,0.99903,1,0.995,0.98024,0.54956,0.55,0.40001,0.11898,0.25784,4.87956,0.4472,0.33977,0.5951,0.0079804,0.0079804,0.0079804
104,233.857,0.1331,4.79845,0.46632,0.14605,0.90489,0.99872,1,0.995,0.98889,0.66581,0.66667,0.51733,0.14358,0.24211,4.48557,0.45026,0.30328,0.56101,0.0079606,0.0079606,0.0079606
105,235.998,0.13799,4.77234,0.46156,0.1442,0.91989,0.99895,1,0.995,0.99298,0.64932,0.65,0.49732,0.14128,0.22418,4.62035,0.45219,0.29776,0.55575,0.0079408,0.0079408,0.0079408
106,238.169,0.13477,4.88174,0.46,0.14832,0.90648,0.99889,1,0.995,0.995,0.71595,0.71667,0.61943,0.17277,0.22924,4.57041,0.44946,0.29026,0.56116,0.007921,0.007921,0.007921
107,240.36,0.13337,4.7519,0.45793,0.14052,0.93156,0.99878,1,0.995,0.99051,0.76571,0.76667,0.6821,0.18976,0.24667,4.59952,0.44938,0.27962,0.56569,0.0079012,0.0079012,0.0079012
108,242.57,0.13329,4.76121,0.46001,0.14502,0.90977,0.99894,1,0.995,0.97405,0.68274,0.68333,0.59377,0.17882,0.29449,4.64051,0.452,0.29099,0.61651,0.0078814,0.0078814,0.0078814
109,244.73,0.13974,4.57949,0.46514,0.15172,0.90816,0.98754,1,0.995,0.95768,0.55685,0.56667,0.46021,0.12712,0.30849,5.17489,0.44362,0.31471,0.65678,0.0078616,0.0078616,0.0078616
110,246.912,0.14489,4.65135,0.46596,0.15195,0.923,0.98013,1,0.99451,0.97179,0.5221,0.53333,0.43744,0.13399,0.30453,4.72708,0.44679,0.32385,0.66888,0.0078418,0.0078418,0.0078418
111,249.056,0.13729,4.56167,0.46897,0.14109,0.90681,0.99907,1,0.995,0.98567,0.72257,0.71667,0.67548,0.18063,0.25474,4.53146,0.4455,0.30577,0.6248,0.007822,0.007822,0.007822
112,251.272,0.13426,4.57642,0.4636,0.14576,0.91351,0.99811,1,0.995,0.97284,0.66662,0.66667,0.57526,0.15288,0.24567,4.53608,0.45188,0.36451,0.60362,0.0078022,0.0078022,0.0078022
113,253.476,0.13857,4.54087,0.46543,0.14551,0.91618,0.99867,1,0.995,0.96009,0.72862,0.71667,0.70098,0.19489,0.2893,4.49269,0.45094,0.31033,0.64038,0.0077824,0.0077824,0.0077824
114,255.938,0.1355,4.51061,0.46802,0.14184,0.90306,0.99911,1,0.995,0.97368,0.61648,0.61667,0.56591,0.16948,0.23954,4.83737,0.45647,0.32829,0.59622,0.0077626,0.0077626,0.0077626
115,258.088,0.13364,4.54018,0.47151,0.14108,0.89458,0.99911,1,0.995,0.95478,0.73267,0.73333,0.67379,0.20326,0.29541,4.34765,0.45755,0.31775,0.67416,0.0077428,0.0077428,0.0077428
116,260.266,0.1323,4.53544,0.45917,0.14076,0.90624,0.99911,1,0.995,0.95938,0.74933,0.75,0.69181,0.18273,0.33643,4.4591,0.45296,0.34395,0.71456,0.007723,0.007723,0.007723
117,262.469,0.13959,4.54848,0.46774,0.15038,0.91087,0.99906,1,0.995,0.97462,0.63297,0.63333,0.5289,0.15963,0.29965,4.93271,0.45739,0.30364,0.67233,0.0077032,0.0077032,0.0077032
118,264.682,0.13773,4.4765,0.45984,0.15242,0.91314,0.9991,1,0.995,0.98609,0.4829,0.48333,0.36305,0.09921,0.31336,5.08803,0.45089,0.34639,0.66488,0.0076834,0.0076834,0.0076834
119,266.909,0.13385,4.52793,0.45957,0.14743,0.90642,0.99909,1,0.995,0.98394,0.49954,0.5,0.35895,0.0928,0.29802,5.02953,0.45155,0.34047,0.60973,0.0076636,0.0076636,0.0076636
120,269.139,0.15185,4.50527,0.46295,0.1563,0.90818,0.9989,1,0.995,0.96741,0.79919,0.8,0.74784,0.21153,0.31777,4.2346,0.45119,0.31251,0.63409,0.0076438,0.0076438,0.0076438
121,271.283,0.14165,4.47947,0.46822,0.14972,0.8935,0.99667,1,0.995,0.95935,0.66596,0.66667,0.57024,0.18449,0.30552,4.52909,0.45284,0.35445,0.65076,0.007624,0.007624,0.007624
122,273.492,0.13597,4.38405,0.4586,0.14276,0.91965,0.99828,1,0.995,0.95909,0.66598,0.66667,0.57871,0.1743,0.31359,4.67982,0.45771,0.45856,0.70101,0.0076042,0.0076042,0.0076042
123,275.634,0.13454,4.47624,0.45916,0.14494,0.9102,0.99884,1,0.995,0.98808,0.74925,0.75,0.67106,0.19143,0.25338,4.55868,0.45791,0.3628,0.59799,0.0075844,0.0075844,0.0075844
124,277.88,0.13787,4.32965,0.45561,0.14359,0.90869,0.99911,1,0.995,0.98224,0.73285,0.73333,0.64105,0.17252,0.25964,4.51855,0.45499,0.33021,0.61547,0.0075646,0.0075646,0.0075646
125,280.177,0.1322,4.36462,0.45495,0.14327,0.91397,0.99911,1,0.995,0.9849,0.71615,0.71667,0.6653,0.18106,0.25883,4.39518,0.45399,0.32597,0.58608,0.0075448,0.0075448,0.0075448
126,282.358,0.12573,4.40952,0.45891,0.14341,0.90232,0.99911,1,0.995,0.9687,0.64966,0.65,0.54115,0.13538,0.28097,4.86747,0.46002,0.34924,0.63926,0.007525,0.007525,0.007525
127,284.589,0.13451,4.33001,0.45874,0.14922,0.90097,0.99905,1,0.995,0.97345,0.83254,0.83333,0.78344,0.21598,0.27049,4.34862,0.45706,0.34515,0.62569,0.0075052,0.0075052,0.0075052
128,286.803,0.1359,4.31419,0.45683,0.14488,0.91405,0.9991,1,0.995,0.98937,0.68279,0.68333,0.57387,0.16438,0.24836,4.80356,0.45637,0.30671,0.59432,0.0074854,0.0074854,0.0074854
129,288.961,0.12833,4.27748,0.45981,0.14154,0.90432,0.99913,1,0.995,0.98913,0.73298,0.73333,0.64987,0.20013,0.26821,4.65526,0.45344,0.36202,0.61477,0.0074656,0.0074656,0.0074656
130,291.193,0.12853,4.20911,0.45464,0.1401,0.9081,0.9991,1,0.995,0.97425,0.78292,0.78333,0.72573,0.23852,0.2576,4.26369,0.44946,0.35401,0.61915,0.0074458,0.0074458,0.0074458
131,293.436,0.12656,4.06611,0.45031,0.13763,0.90175,0.99893,1,0.995,0.96957,0.76573,0.76667,0.7258,0.2419,0.26313,4.24688,0.44612,0.36095,0.6436,0.007426,0.007426,0.007426
132,295.646,0.12811,4.17869,0.45685,0.13858,0.89782,0.99909,1,0.995,0.96971,0.76627,0.76667,0.73866,0.21164,0.24615,4.16194,0.44393,0.34158,0.5961,0.0074062,0.0074062,0.0074062
133,297.794,0.13687,4.08637,0.45407,0.14348,0.89715,1,0.99924,0.995,0.9844,0.78244,0.78333,0.73602,0.22485,0.23938,4.27528,0.44156,0.31578,0.58075,0.0073864,0.0073864,0.0073864
134,300.205,0.13455,4.08846,0.45395,0.13853,0.90811,0.99912,1,0.995,0.97808,0.79926,0.8,0.72504,0.22365,0.26789,4.18939,0.4467,0.3437,0.6182,0.0073666,0.0073666,0.0073666
135,302.454,0.12387,4.10152,0.44884,0.13327,0.89936,0.99916,1,0.995,0.98905,0.74928,0.75,0.67737,0.19621,0.27035,4.44318,0.44275,0.39439,0.60413,0.0073468,0.0073468,0.0073468
136,304.742,0.13373,4.14996,0.46,0.13861,0.8841,0.99908,1,0.995,0.99207,0.83278,0.83333,0.83394,0.28045,0.25324,4.15419,0.44558,0.3928,0.59384,0.007327,0.007327,0.007327
137,306.907,0.12937,4.02975,0.457,0.13399,0.89839,0.99912,1,0.995,0.99011,0.81595,0.81667,0.75509,0.25077,0.25754,4.24512,0.44315,0.3476,0.60115,0.0073072,0.0073072,0.0073072
138,309.095,0.12568,4.04983,0.45646,0.13298,0.90144,0.99903,1,0.995,0.98842,0.74938,0.75,0.6648,0.18582,0.25131,4.34574,0.43949,0.34106,0.60348,0.0072874,0.0072874,0.0072874
139,311.252,0.11918,3.94153,0.44885,0.12613,0.88884,0.99899,1,0.995,0.99428,0.79919,0.8,0.7275,0.2073,0.24721,4.3079,0.44262,0.32698,0.59464,0.0072676,0.0072676,0.0072676
140,313.428,0.12381,4.11978,0.45304,0.12651,0.90954,0.99896,1,0.995,0.99263,0.79917,0.8,0.72459,0.20176,0.23799,4.34981,0.44154,0.38308,0.59348,0.0072478,0.0072478,0.0072478
141,315.705,0.12421,4.05931,0.45706,0.1323,0.89441,0.99911,1,0.995,0.98534,0.66644,0.66667,0.64629,0.17768,0.25167,4.66043,0.44307,0.40593,0.60485,0.007228,0.007228,0.007228
142,317.913,0.13355,4.14418,0.45856,0.13668,0.89863,0.99902,1,0.995,0.97611,0.7329,0.73333,0.62691,0.21178,0.24721,4.30313,0.44267,0.39954,0.60696,0.0072082,0.0072082,0.0072082
143,320.054,0.12871,3.91218,0.45873,0.13394,0.89675,0.999,1,0.995,0.97976,0.71624,0.71667,0.67714,0.18027,0.2489,4.62405,0.44829,0.30312,0.59882,0.0071884,0.0071884,0.0071884
144,322.295,0.12695,3.96114,0.44624,0.13357,0.91009,0.99961,1,0.995,0.94845,0.69907,0.7,0.54842,0.18205,0.29148,4.26366,0.44411,0.38957,0.66675,0.0071686,0.0071686,0.0071686
145,324.465,0.12472,3.87021,0.45551,0.14167,0.89714,0.9991,1,0.995,0.9811,0.84923,0.85,0.7609,0.22396,0.25137,4.15971,0.44684,0.35859,0.6032,0.0071488,0.0071488,0.0071488
146,326.713,0.13002,3.92398,0.45093,0.13844,0.903,0.99912,1,0.995,0.99078,0.81593,0.81667,0.72842,0.21477,0.23674,4.26942,0.44395,0.42378,0.56806,0.007129,0.007129,0.007129
147,328.954,0.12686,3.88372,0.45602,0.1342,0.905,0.99915,1,0.995,0.97577,0.73688,0.73333,0.62066,0.18863,0.26756,4.39265,0.44224,0.4343,0.58917,0.0071092,0.0071092,0.0071092
148,331.195,0.13333,4.03038,0.45067,0.14004,0.90864,0.99897,1,0.995,0.97877,0.79918,0.8,0.76864,0.23763,0.25516,4.19573,0.44181,0.44279,0.59864,0.0070894,0.0070894,0.0070894
149,333.359,0.12506,3.95037,0.45854,0.13654,0.89736,0.99909,1,0.995,0.97782,0.79945,0.8,0.78049,0.25736,0.25635,4.20568,0.44475,0.28105,0.61132,0.0070696,0.0070696,0.0070696
150,335.517,0.1253,3.92417,0.44783,0.12873,0.90025,0.99911,1,0.995,0.98596,0.83259,0.83333,0.81382,0.26475,0.23217,4.22603,0.44742,0.31713,0.57,0.0070498,0.0070498,0.0070498
151,337.689,0.11892,3.90313,0.44815,0.13053,0.90539,0.99911,1,0.995,0.99318,0.83257,0.83333,0.76739,0.22957,0.22995,4.18269,0.44191,0.43696,0.5532,0.00703,0.00703,0.00703
152,339.885,0.12427,4.01501,0.45163,0.12838,0.90306,0.99912,1,0.995,0.98575,0.79935,0.8,0.76273,0.28515,0.24838,4.11716,0.44005,0.42615,0.59197,0.0070102,0.0070102,0.0070102
153,342.388,0.12118,3.86013,0.44755,0.13105,0.8958,0.99901,1,0.995,0.9534,0.8326,0.83333,0.81923,0.29862,0.29953,4.10074,0.44264,0.35185,0.67567,0.0069904,0.0069904,0.0069904
154,344.585,0.12128,4.02472,0.43885,0.13301,0.90492,0.99905,1,0.995,0.9785,0.79924,0.8,0.71807,0.19361,0.24845,4.28034,0.43607,0.35363,0.58712,0.0069706,0.0069706,0.0069706
155,346.759,0.12542,3.8358,0.45008,0.13772,0.90952,0.99897,1,0.995,0.96458,0.81583,0.81667,0.80078,0.26182,0.25366,4.09868,0.4409,0.35637,0.58907,0.0069508,0.0069508,0.0069508
156,349.016,0.12693,3.89535,0.4507,0.1341,0.89946,0.99905,1,0.995,0.98803,0.68269,0.68333,0.64038,0.1999,0.23109,4.64274,0.44837,0.33898,0.54484,0.006931,0.006931,0.006931
157,351.178,0.12131,3.86841,0.45206,0.13381,0.90274,0.99791,1,0.995,0.98585,0.76499,0.76667,0.70001,0.23342,0.24349,4.33575,0.4409,0.33331,0.55375,0.0069112,0.0069112,0.0069112
158,353.418,0.12724,4.01139,0.44325,0.133,0.91304,0.99901,1,0.995,0.98739,0.83277,0.83333,0.78613,0.26728,0.25077,4.03597,0.44087,0.27564,0.59265,0.0068914,0.0068914,0.0068914
159,355.604,0.12044,3.81432,0.45033,0.13288,0.88924,0.99894,1,0.995,0.99033,0.73255,0.73333,0.62808,0.22892,0.24418,4.30972,0.44223,0.32026,0.60104,0.0068716,0.0068716,0.0068716
160,357.858,0.11791,3.81407,0.44576,0.13274,0.8888,0.99899,1,0.995,0.97918,0.74924,0.75,0.67243,0.22762,0.239,4.14667,0.44103,0.30271,0.58046,0.0068518,0.0068518,0.0068518
161,360.069,0.12282,3.81295,0.44974,0.13203,0.89663,0.99912,1,0.995,0.98489,0.79958,0.8,0.76561,0.27068,0.22275,4.13728,0.4374,0.31674,0.55985,0.006832,0.006832,0.006832
162,362.248,0.11988,3.85716,0.44808,0.1301,0.88946,0.99907,1,0.995,0.9914,0.86586,0.86667,0.82647,0.22532,0.23231,4.09881,0.43887,0.31619,0.57761,0.0068122,0.0068122,0.0068122
163,364.41,0.13037,3.88693,0.44821,0.13771,0.90458,0.99842,1,0.995,0.98389,0.79904,0.8,0.76262,0.25537,0.25104,4.15489,0.43891,0.25339,0.59437,0.0067924,0.0067924,0.0067924
164,366.697,0.12377,3.93201,0.44839,0.12999,0.88642,0.99895,1,0.995,0.99307,0.78263,0.78333,0.77574,0.26394,0.22853,4.3026,0.44302,0.302,0.55143,0.0067726,0.0067726,0.0067726
165,368.871,0.11787,3.89667,0.4504,0.13196,0.89134,0.99908,1,0.995,0.98946,0.78268,0.78333,0.75786,0.30963,0.22337,4.00383,0.43674,0.28635,0.5596,0.0067528,0.0067528,0.0067528
166,371.128,0.11844,3.83955,0.44194,0.12503,0.88813,0.99894,1,0.995,0.97547,0.86575,0.86667,0.83771,0.28737,0.23727,4.02405,0.43272,0.29665,0.58803,0.006733,0.006733,0.006733
167,373.293,0.12112,3.68017,0.44427,0.12997,0.89436,0.99872,1,0.995,0.96624,0.78231,0.78333,0.66251,0.19741,0.24069,4.27446,0.43073,0.36766,0.58598,0.0067132,0.0067132,0.0067132
168,375.554,0.12486,3.95362,0.44088,0.13201,0.89936,0.99908,1,0.995,0.98234,0.73266,0.73333,0.64431,0.19206,0.23785,4.34105,0.43302,0.34829,0.56693,0.0066934,0.0066934,0.0066934
169,377.75,0.12144,3.93531,0.44996,0.12756,0.88941,0.99911,1,0.995,0.98917,0.6996,0.7,0.65595,0.15569,0.22465,4.66035,0.43195,0.35109,0.55267,0.0066736,0.0066736,0.0066736
170,380,0.11864,3.77092,0.44243,0.1273,0.90609,0.9991,1,0.995,0.98848,0.74932,0.75,0.71546,0.27921,0.22601,4.27614,0.42784,0.36542,0.55594,0.0066538,0.0066538,0.0066538
171,382.412,0.11636,3.80685,0.43492,0.12342,0.89324,0.99909,1,0.995,0.95806,0.83266,0.83333,0.80285,0.21576,0.25447,4.30086,0.43254,0.29908,0.62162,0.006634,0.006634,0.006634
172,384.614,0.12161,3.91463,0.44906,0.12756,0.89851,0.99897,1,0.995,0.94018,0.79926,0.8,0.73165,0.23126,0.25475,4.29867,0.4321,0.31722,0.63793,0.0066142,0.0066142,0.0066142
173,386.807,0.12015,3.6802,0.43418,0.12937,0.88744,0.99908,1,0.995,0.93244,0.83257,0.83333,0.78489,0.24575,0.27194,4.24231,0.43259,0.3408,0.64403,0.0065944,0.0065944,0.0065944
174,389.02,0.11585,3.75923,0.43559,0.13058,0.89761,0.99903,1,0.995,0.98186,0.83252,0.83333,0.79452,0.28379,0.25377,4.02369,0.43008,0.30886,0.61935,0.0065746,0.0065746,0.0065746
175,391.267,0.11973,3.73449,0.44055,0.12728,0.90089,0.99903,1,0.995,0.99086,0.86583,0.86667,0.83591,0.2666,0.24182,4.04161,0.42901,0.32645,0.60066,0.0065548,0.0065548,0.0065548
176,393.501,0.11666,3.83133,0.44292,0.12683,0.89191,0.99878,1,0.995,0.98673,0.7492,0.75,0.66464,0.20486,0.2339,4.18406,0.42999,0.35731,0.58745,0.006535,0.006535,0.006535
177,395.635,0.11752,3.73855,0.44387,0.12665,0.88961,0.99862,1,0.995,0.98534,0.83218,0.83333,0.76783,0.2187,0.22831,4.14912,0.42823,0.33408,0.57977,0.0065152,0.0065152,0.0065152
178,397.861,0.11473,3.79992,0.43808,0.12382,0.89683,0.99903,1,0.995,0.97673,0.86582,0.86667,0.8206,0.27249,0.21145,4.0431,0.42618,0.35264,0.55471,0.0064954,0.0064954,0.0064954
179,400.029,0.11888,3.78973,0.4441,0.12659,0.89302,0.99898,1,0.995,0.98056,0.8326,0.83333,0.79315,0.26605,0.21958,4.10631,0.42809,0.36954,0.56253,0.0064756,0.0064756,0.0064756
180,402.201,0.11697,3.69085,0.44049,0.12573,0.89056,0.99807,1,0.995,0.98544,0.83238,0.83333,0.82961,0.29114,0.22009,4.0269,0.42483,0.31436,0.58894,0.0064558,0.0064558,0.0064558
181,404.486,0.11257,3.6349,0.44049,0.12981,0.89455,0.99736,1,0.995,0.9809,0.83265,0.83333,0.83489,0.28203,0.22457,3.96816,0.42322,0.30236,0.59596,0.006436,0.006436,0.006436
182,406.672,0.11281,3.5682,0.43769,0.12442,0.88395,0.99908,1,0.995,0.97907,0.8826,0.88333,0.88425,0.32764,0.23054,3.94363,0.42529,0.30335,0.60351,0.0064162,0.0064162,0.0064162
183,408.888,0.10849,3.6062,0.44459,0.1201,0.87749,0.99895,1,0.995,0.98405,0.84946,0.85,0.81902,0.27255,0.2381,4.02905,0.42855,0.28552,0.59,0.0063964,0.0063964,0.0063964
184,411.087,0.10534,3.73991,0.43833,0.11362,0.89364,0.99911,1,0.995,0.98925,0.83291,0.83333,0.79596,0.25916,0.22595,3.94491,0.4273,0.29986,0.5558,0.0063766,0.0063766,0.0063766
185,413.228,0.10879,3.69842,0.43952,0.12386,0.88288,0.99913,1,0.995,0.99249,0.79949,0.8,0.80806,0.30103,0.22399,4.01323,0.42745,0.28784,0.54185,0.0063568,0.0063568,0.0063568
186,415.45,0.11826,3.83097,0.44359,0.12338,0.86991,0.99914,1,0.995,0.99022,0.79931,0.8,0.81292,0.29892,0.21703,4.13488,0.42702,0.35201,0.51833,0.006337,0.006337,0.006337
187,417.706,0.11164,3.66549,0.43833,0.1214,0.90505,0.99911,1,0.995,0.9905,0.81594,0.81667,0.79912,0.28274,0.21809,4.09325,0.43073,0.37586,0.52448,0.0063172,0.0063172,0.0063172
188,419.863,0.11502,3.71522,0.43303,0.1243,0.89343,0.99912,1,0.995,0.97826,0.8659,0.86667,0.8593,0.31847,0.22558,3.86271,0.42836,0.38411,0.56359,0.0062974,0.0062974,0.0062974
189,422.186,0.11474,3.63442,0.43157,0.12722,0.90063,0.9991,1,0.995,0.96477,0.86589,0.86667,0.86637,0.30895,0.23453,3.91177,0.43093,0.31279,0.57483,0.0062776,0.0062776,0.0062776
190,424.388,0.11121,3.58699,0.44319,0.12803,0.88707,0.99909,1,0.995,0.97705,0.89918,0.9,0.89068,0.29151,0.24761,3.97662,0.43,0.27932,0.57231,0.0062578,0.0062578,0.0062578
191,426.553,0.1159,3.59009,0.43058,0.12625,0.90431,0.99913,1,0.995,0.9842,0.86591,0.86667,0.82345,0.32999,0.22612,3.83936,0.42815,0.28474,0.55706,0.006238,0.006238,0.006238
192,428.893,0.11417,3.73622,0.43595,0.12592,0.89417,0.99912,1,0.995,0.98592,0.84934,0.85,0.83289,0.3363,0.2209,3.84485,0.42644,0.27023,0.55586,0.0062182,0.0062182,0.0062182
193,431.062,0.11574,3.66241,0.43409,0.11797,0.88313,0.99912,1,0.995,0.97405,0.84943,0.85,0.86262,0.34778,0.2286,3.87562,0.4259,0.30439,0.59287,0.0061984,0.0061984,0.0061984
194,433.334,0.11666,3.69238,0.43513,0.12325,0.90271,0.99912,1,0.995,0.98623,0.6996,0.7,0.67969,0.22134,0.22468,4.34541,0.43162,0.34409,0.59727,0.0061786,0.0061786,0.0061786
195,435.534,0.11403,3.7545,0.44027,0.12064,0.88563,0.99912,1,0.995,0.98689,0.81616,0.81667,0.83368,0.2743,0.21883,4.14548,0.42875,0.34504,0.58294,0.0061588,0.0061588,0.0061588
196,437.709,0.11436,3.63046,0.43184,0.12063,0.89148,0.999,1,0.995,0.98369,0.88243,0.88333,0.88558,0.34423,0.22959,3.83581,0.42293,0.33148,0.61059,0.006139,0.006139,0.006139
197,439.903,0.11903,3.75391,0.42975,0.12058,0.89324,0.99907,1,0.995,0.98842,0.84939,0.85,0.84384,0.31779,0.2323,3.9934,0.42113,0.3566,0.62123,0.0061192,0.0061192,0.0061192
198,442.202,0.11023,3.6375,0.43195,0.11919,0.8951,0.9991,1,0.995,0.97199,0.83298,0.83333,0.84172,0.34915,0.23336,3.81748,0.42164,0.35315,0.62345,0.0060994,0.0060994,0.0060994
199,444.392,0.11569,3.59942,0.43483,0.12014,0.88642,0.99909,1,0.995,0.9665,0.86586,0.86667,0.85954,0.3355,0.22276,3.87346,0.42727,0.30645,0.59141,0.0060796,0.0060796,0.0060796
200,446.603,0.11442,3.53041,0.4378,0.12184,0.89905,0.99875,1,0.995,0.96867,0.88223,0.88333,0.87402,0.31973,0.23402,3.84481,0.42501,0.30509,0.58943,0.0060598,0.0060598,0.0060598
201,448.811,0.11495,3.49414,0.4305,0.12033,0.90025,0.99907,1,0.995,0.9717,0.88251,0.88333,0.88034,0.38539,0.23386,3.71343,0.4231,0.32672,0.63296,0.00604,0.00604,0.00604
202,451.036,0.11426,3.68686,0.4358,0.12,0.89906,0.99904,1,0.995,0.96517,0.866,0.86667,0.87607,0.36868,0.23838,3.74721,0.42218,0.34652,0.64117,0.0060202,0.0060202,0.0060202
203,453.189,0.11873,3.50963,0.4332,0.12202,0.90189,0.9991,1,0.995,0.96674,0.76615,0.76667,0.75729,0.29002,0.24568,4.19589,0.42527,0.32031,0.65153,0.0060004,0.0060004,0.0060004
204,455.396,0.11329,3.58516,0.42648,0.11689,0.90095,0.99911,1,0.995,0.97394,0.7994,0.8,0.82191,0.37406,0.24493,3.88271,0.42501,0.29973,0.65623,0.0059806,0.0059806,0.0059806
205,457.589,0.11496,3.53237,0.42643,0.11941,0.89739,0.99911,1,0.995,0.97068,0.74946,0.75,0.72036,0.29261,0.24408,4.12981,0.42976,0.29444,0.65853,0.0059608,0.0059608,0.0059608
206,459.887,0.11409,3.59058,0.4346,0.12032,0.8899,0.99911,1,0.995,0.96417,0.86631,0.86667,0.86869,0.34229,0.24549,3.67937,0.42156,0.28538,0.66007,0.005941,0.005941,0.005941
207,462.079,0.11756,3.55765,0.42719,0.12487,0.88692,0.99892,1,0.995,0.9613,0.81658,0.81667,0.83755,0.37116,0.25929,3.72172,0.4247,0.28728,0.66506,0.0059212,0.0059212,0.0059212
208,464.287,0.11208,3.44065,0.42415,0.11956,0.90074,0.9953,1,0.995,0.98867,0.84859,0.85,0.84755,0.35396,0.23974,3.80241,0.42641,0.29824,0.62178,0.0059014,0.0059014,0.0059014
209,466.742,0.11184,3.34586,0.42275,0.11697,0.8879,0.99871,1,0.995,0.99445,0.86596,0.86667,0.87936,0.43085,0.22489,3.55203,0.42666,0.32627,0.59459,0.0058816,0.0058816,0.0058816
210,468.98,0.10415,3.36237,0.42744,0.1134,0.88682,0.99912,1,0.995,0.99394,0.88255,0.88333,0.88182,0.36714,0.22173,3.70193,0.41524,0.40406,0.57846,0.0058618,0.0058618,0.0058618
211,471.189,0.10286,3.45678,0.42095,0.11109,0.89462,0.99913,1,0.995,0.98816,0.86592,0.86667,0.85918,0.36907,0.22723,3.71149,0.41997,0.3944,0.59873,0.005842,0.005842,0.005842
212,473.381,0.10576,3.44694,0.4323,0.11139,0.88514,0.99913,1,0.995,0.96938,0.86591,0.86667,0.85433,0.35769,0.23115,3.62022,0.41586,0.40973,0.59191,0.0058222,0.0058222,0.0058222
213,475.55,0.10696,3.38782,0.41839,0.10843,0.89308,0.99911,1,0.995,0.97865,0.8659,0.86667,0.8642,0.38854,0.22326,3.55238,0.41416,0.33357,0.58873,0.0058024,0.0058024,0.0058024
214,477.822,0.10423,3.36504,0.42339,0.11433,0.89067,0.99913,1,0.995,0.98069,0.86606,0.86667,0.87924,0.39409,0.22423,3.52022,0.41797,0.32322,0.59163,0.0057826,0.0057826,0.0057826
215,480.068,0.10518,3.24383,0.4235,0.11098,0.89087,0.99904,1,0.995,0.98758,0.88249,0.88333,0.87152,0.38814,0.20906,3.533,0.41734,0.30313,0.55388,0.0057628,0.0057628,0.0057628
216,482.318,0.11107,3.23292,0.42036,0.11543,0.88873,0.99911,1,0.995,0.98403,0.84927,0.85,0.84261,0.35538,0.20791,3.55146,0.4113,0.30093,0.55934,0.005743,0.005743,0.005743
217,484.504,0.10326,3.28714,0.42365,0.10958,0.88724,0.99912,1,0.995,0.98175,0.88256,0.88333,0.86872,0.33898,0.22209,3.58903,0.41164,0.30069,0.58995,0.0057232,0.0057232,0.0057232
218,486.71,0.10646,3.27859,0.42644,0.11657,0.89739,0.99912,1,0.995,0.96149,0.88256,0.88333,0.86928,0.39047,0.23554,3.51806,0.41734,0.28434,0.61376,0.0057034,0.0057034,0.0057034
219,488.942,0.10257,3.32613,0.42205,0.10542,0.88925,0.99913,1,0.995,0.98549,0.84926,0.85,0.83943,0.37814,0.23115,3.62953,0.41677,0.31749,0.58278,0.0056836,0.0056836,0.0056836
220,491.188,0.10403,3.28407,0.42512,0.11002,0.88059,0.99913,1,0.995,0.99207,0.88257,0.88333,0.88076,0.41916,0.21563,3.48838,0.41617,0.27863,0.53285,0.0056638,0.0056638,0.0056638
221,493.39,0.11279,3.21816,0.41848,0.11661,0.89211,0.99915,1,0.995,0.99331,0.86613,0.86667,0.84501,0.40638,0.20382,3.44524,0.41727,0.25373,0.51113,0.005644,0.005644,0.005644
222,495.58,0.10474,3.15633,0.42351,0.11474,0.88608,0.99912,1,0.995,0.98847,0.84936,0.85,0.82312,0.39937,0.20321,3.52632,0.41757,0.28822,0.53105,0.0056242,0.0056242,0.0056242
223,497.754,0.11066,3.32566,0.41797,0.11528,0.89218,0.99909,1,0.995,0.96841,0.86588,0.86667,0.84532,0.39732,0.22471,3.46519,0.42025,0.31587,0.56566,0.0056044,0.0056044,0.0056044
224,499.956,0.10624,3.30245,0.4235,0.11201,0.876,0.99905,1,0.995,0.95654,0.88268,0.88333,0.88455,0.40408,0.23298,3.39797,0.41872,0.27848,0.59284,0.0055846,0.0055846,0.0055846
225,502.169,0.10645,3.25451,0.4144,0.11175,0.88507,0.99903,1,0.995,0.97584,0.81631,0.81667,0.7994,0.37646,0.21791,3.43632,0.42104,0.2586,0.56921,0.0055648,0.0055648,0.0055648
226,504.447,0.10713,3.22791,0.41037,0.11468,0.88617,0.99883,1,0.995,0.98324,0.81615,0.81667,0.79901,0.29788,0.2116,3.79675,0.43,0.24179,0.54479,0.005545,0.005545,0.005545
227,506.651,0.1069,3.31764,0.41518,0.11455,0.89857,0.99891,1,0.995,0.98972,0.86598,0.86667,0.86539,0.40114,0.20731,3.32252,0.41709,0.24482,0.52792,0.0055252,0.0055252,0.0055252
228,508.832,0.10436,3.16744,0.41098,0.10897,0.90232,0.9991,1,0.995,0.98976,0.83267,0.83333,0.79171,0.38035,0.21314,3.36811,0.4244,0.31563,0.55564,0.0055054,0.0055054,0.0055054
229,511.009,0.1048,3.20547,0.41744,0.10922,0.88313,0.99913,1,0.995,0.99316,0.83261,0.83333,0.81878,0.42817,0.21361,3.35767,0.43277,0.29864,0.54879,0.0054856,0.0054856,0.0054856
230,513.424,0.09761,3.21726,0.41529,0.10883,0.88699,0.99912,1,0.995,0.99299,0.83285,0.83333,0.80686,0.39844,0.22558,3.41547,0.42558,0.28782,0.56695,0.0054658,0.0054658,0.0054658
231,515.642,0.10393,3.10043,0.41254,0.10898,0.89669,0.99912,1,0.995,0.9876,0.78291,0.78333,0.7927,0.38098,0.22013,3.40962,0.42366,0.28478,0.5565,0.005446,0.005446,0.005446
232,517.892,0.1038,3.2513,0.4116,0.10789,0.87471,0.99912,1,0.995,0.99325,0.81637,0.81667,0.82512,0.43099,0.21692,3.2505,0.42008,0.27278,0.55216,0.0054262,0.0054262,0.0054262
233,520.027,0.0989,3.1869,0.41594,0.10961,0.89344,0.99914,1,0.995,0.99159,0.81625,0.81667,0.8217,0.436,0.21865,3.35181,0.42432,0.32572,0.54237,0.0054064,0.0054064,0.0054064
234,522.24,0.09646,3.13818,0.41231,0.1084,0.88227,0.99915,1,0.995,0.98816,0.83291,0.83333,0.83344,0.42244,0.20967,3.33893,0.42449,0.2883,0.53575,0.0053866,0.0053866,0.0053866
235,524.396,0.10226,3.1242,0.41497,0.11183,0.87876,0.99914,1,0.995,0.98818,0.86624,0.86667,0.88596,0.43934,0.21561,3.28603,0.42089,0.26501,0.54583,0.0053668,0.0053668,0.0053668
236,526.612,0.10485,3.16659,0.41365,0.11725,0.885,0.99913,1,0.995,0.98739,0.84947,0.85,0.86207,0.42568,0.22084,3.28003,0.42263,0.25996,0.55886,0.005347,0.005347,0.005347
237,528.851,0.09782,3.18648,0.41101,0.10921,0.87749,0.99914,1,0.995,0.98856,0.84955,0.85,0.85049,0.44734,0.214,3.20435,0.42409,0.24942,0.55103,0.0053272,0.0053272,0.0053272
238,531.073,0.10101,3.09861,0.41046,0.11271,0.87541,0.99914,1,0.995,0.98934,0.86592,0.86667,0.84658,0.43907,0.21113,3.24521,0.41943,0.2423,0.56213,0.0053074,0.0053074,0.0053074
239,533.277,0.09677,3.1896,0.40777,0.10771,0.87518,0.99913,1,0.995,0.9916,0.81631,0.81667,0.82359,0.41743,0.21335,3.36228,0.42216,0.24678,0.57443,0.0052876,0.0052876,0.0052876
240,535.519,0.1028,3.134,0.40985,0.10583,0.88018,0.99912,1,0.995,0.98135,0.81595,0.81667,0.80193,0.43482,0.22697,3.29547,0.41971,0.25282,0.59785,0.0052678,0.0052678,0.0052678
241,537.68,0.10537,3.13832,0.40735,0.10828,0.89527,0.99913,1,0.995,0.97837,0.88255,0.88333,0.88694,0.44143,0.22744,3.15097,0.41479,0.24758,0.58707,0.005248,0.005248,0.005248
242,539.882,0.09605,3.11077,0.40493,0.10474,0.87083,0.99912,1,0.995,0.98878,0.84925,0.85,0.86781,0.47641,0.2092,3.15429,0.41279,0.25479,0.56478,0.0052282,0.0052282,0.0052282
243,542.178,0.10115,3.11958,0.40252,0.10859,0.89177,0.99913,1,0.995,0.9832,0.86592,0.86667,0.87628,0.49757,0.22204,3.10279,0.41204,0.29463,0.57557,0.0052084,0.0052084,0.0052084
244,544.405,0.09921,3.11566,0.40387,0.1088,0.89887,0.99913,1,0.995,0.98117,0.86591,0.86667,0.86289,0.44736,0.23414,3.09907,0.40711,0.33598,0.57189,0.0051886,0.0051886,0.0051886
245,546.623,0.10757,3.09287,0.40739,0.11542,0.88462,0.99911,1,0.995,0.98203,0.86588,0.86667,0.85027,0.44083,0.21031,3.09274,0.41948,0.33258,0.5486,0.0051688,0.0051688,0.0051688
246,548.821,0.10228,3.12658,0.39741,0.10855,0.88643,0.99912,1,0.995,0.9904,0.88255,0.88333,0.85908,0.45088,0.21801,3.1051,0.40656,0.30773,0.56193,0.005149,0.005149,0.005149
247,550.994,0.10671,3.07956,0.40265,0.10932,0.87588,0.99913,1,0.995,0.98387,0.89928,0.9,0.86946,0.4757,0.21226,2.98107,0.40054,0.28676,0.56859,0.0051292,0.0051292,0.0051292
248,553.176,0.09891,3.1433,0.39679,0.10719,0.89686,0.99911,1,0.995,0.98545,0.81594,0.81667,0.7895,0.38155,0.20546,3.4915,0.41478,0.27654,0.56468,0.0051094,0.0051094,0.0051094
249,555.622,0.103,3.245,0.40539,0.11162,0.87601,0.99908,1,0.995,0.99126,0.84943,0.85,0.81994,0.41554,0.2163,3.13127,0.40648,0.27073,0.56886,0.0050896,0.0050896,0.0050896
250,557.832,0.09926,3.10031,0.39294,0.10905,0.87785,0.99909,1,0.995,0.99193,0.86607,0.86667,0.86271,0.45815,0.21314,3.06903,0.40086,0.27257,0.54812,0.0050698,0.0050698,0.0050698
251,560.023,0.10675,3.08361,0.3982,0.1112,0.88852,0.99912,1,0.995,0.99046,0.8659,0.86667,0.84844,0.43493,0.20569,3.09063,0.3999,0.27567,0.53133,0.00505,0.00505,0.00505
252,562.209,0.10235,3.08526,0.39482,0.10976,0.87483,0.99911,1,0.995,0.98262,0.88254,0.88333,0.87173,0.47247,0.19923,3.00932,0.38851,0.27636,0.5292,0.0050302,0.0050302,0.0050302
253,564.348,0.10043,3.07528,0.39265,0.10393,0.891,0.99911,1,0.995,0.98802,0.86589,0.86667,0.85671,0.46432,0.21167,3.00261,0.40021,0.26014,0.54399,0.0050104,0.0050104,0.0050104
254,566.619,0.09855,3.03607,0.39879,0.10592,0.88712,0.99912,1,0.995,0.99439,0.8659,0.86667,0.86442,0.47548,0.21748,3.0508,0.40818,0.25769,0.56427,0.0049906,0.0049906,0.0049906
255,568.82,0.09646,3.03268,0.38967,0.10585,0.88552,0.99909,1,0.995,0.99084,0.84923,0.85,0.81133,0.43144,0.21101,3.11008,0.39616,0.26589,0.55202,0.0049708,0.0049708,0.0049708
256,571.042,0.09618,3.01047,0.38414,0.10408,0.87408,0.99908,1,0.995,0.99436,0.86587,0.86667,0.85894,0.46676,0.21066,3.02582,0.39811,0.27602,0.55176,0.004951,0.004951,0.004951
257,573.193,0.10013,3.05577,0.39116,0.11434,0.89171,0.99892,1,0.995,0.98269,0.86571,0.86667,0.85296,0.41918,0.23306,3.04269,0.39793,0.28662,0.58738,0.0049312,0.0049312,0.0049312
258,575.406,0.09559,3.02362,0.38783,0.10859,0.8868,0.9991,1,0.995,0.97874,0.86588,0.86667,0.82055,0.44157,0.23438,2.95052,0.39375,0.27862,0.57428,0.0049114,0.0049114,0.0049114
259,577.59,0.09851,3.04189,0.38799,0.11065,0.87788,0.99914,1,0.995,0.9855,0.89922,0.9,0.87467,0.45425,0.22197,3.00315,0.40121,0.25491,0.56785,0.0048916,0.0048916,0.0048916
260,579.862,0.09484,2.97649,0.38163,0.10402,0.88552,0.99912,1,0.995,0.99175,0.8992,0.9,0.89043,0.44516,0.21817,3.03532,0.40339,0.26608,0.56125,0.0048718,0.0048718,0.0048718
261,582.04,0.09793,2.94138,0.37889,0.11044,0.89031,0.99913,1,0.995,0.99445,0.88257,0.88333,0.89326,0.50239,0.21239,2.95603,0.38766,0.29881,0.54649,0.004852,0.004852,0.004852
262,584.225,0.09953,2.93761,0.38402,0.10836,0.88993,0.99914,1,0.995,0.99436,0.89923,0.9,0.90738,0.5043,0.19805,2.97866,0.39491,0.32988,0.50423,0.0048322,0.0048322,0.0048322
263,586.411,0.09251,3.11672,0.38555,0.1052,0.8865,0.99915,1,0.995,0.99335,0.88258,0.88333,0.89638,0.47078,0.18929,3.06968,0.38579,0.28319,0.48925,0.0048124,0.0048124,0.0048124
264,588.644,0.09378,2.97145,0.38414,0.10723,0.88064,0.99915,1,0.995,0.99356,0.89923,0.9,0.90368,0.49631,0.20189,2.91556,0.37142,0.27076,0.51103,0.0047926,0.0047926,0.0047926
265,590.856,0.0946,3.02018,0.37427,0.10335,0.88971,0.99913,1,0.995,0.99454,0.93252,0.93333,0.94744,0.5245,0.20464,2.82471,0.37203,0.28378,0.5302,0.0047728,0.0047728,0.0047728
266,593.16,0.09343,3.03943,0.37566,0.10452,0.89104,0.99914,1,0.995,0.995,0.91592,0.91667,0.93975,0.49508,0.19799,2.90839,0.3783,0.29816,0.52669,0.004753,0.004753,0.004753
267,595.339,0.1021,3.03667,0.37761,0.10589,0.87529,0.99913,1,0.995,0.9914,0.86591,0.86667,0.87721,0.49521,0.20286,2.93049,0.38306,0.30521,0.53038,0.0047332,0.0047332,0.0047332
268,597.754,0.09574,2.92916,0.37268,0.10501,0.88218,0.99913,1,0.995,0.99151,0.8992,0.9,0.88549,0.48458,0.20336,2.94688,0.38875,0.30883,0.53757,0.0047134,0.0047134,0.0047134
269,599.908,0.09862,3.00395,0.37431,0.10756,0.88384,0.9991,1,0.995,0.99424,0.86607,0.86667,0.86372,0.46425,0.20272,3.05324,0.38735,0.32108,0.53579,0.0046936,0.0046936,0.0046936
270,602.121,0.09926,3.03425,0.36899,0.11323,0.88304,0.99911,1,0.995,0.98545,0.86608,0.86667,0.87303,0.47857,0.20866,2.97714,0.38674,0.28826,0.55437,0.0046738,0.0046738,0.0046738
271,604.378,0.0962,2.94004,0.3773,0.10642,0.87114,0.99914,1,0.995,0.9895,0.89923,0.9,0.9106,0.46614,0.20812,2.93948,0.37879,0.28124,0.55402,0.004654,0.004654,0.004654
272,606.609,0.09641,2.99908,0.36748,0.10073,0.88895,0.99914,1,0.995,0.99442,0.91588,0.91667,0.91774,0.50838,0.20365,2.897,0.38365,0.24806,0.52912,0.0046342,0.0046342,0.0046342
273,608.776,0.09508,2.97678,0.37379,0.10067,0.89927,0.99913,1,0.995,0.99442,0.91587,0.91667,0.90214,0.52206,0.19968,2.81571,0.37408,0.24902,0.51707,0.0046144,0.0046144,0.0046144
274,610.988,0.10068,2.91457,0.35983,0.10445,0.87139,0.99913,1,0.995,0.99314,0.91587,0.91667,0.93212,0.52781,0.19875,2.80301,0.35755,0.30513,0.52006,0.0045946,0.0045946,0.0045946
275,613.178,0.09503,2.96279,0.36662,0.10182,0.8911,0.99912,1,0.995,0.98953,0.93252,0.93333,0.94551,0.5169,0.20697,2.82652,0.35103,0.31419,0.53399,0.0045748,0.0045748,0.0045748
276,615.473,0.09614,2.91313,0.35068,0.10445,0.89065,0.99913,1,0.995,0.9915,0.88256,0.88333,0.87853,0.45241,0.21003,3.07667,0.37171,0.28993,0.53818,0.004555,0.004555,0.004555
277,617.723,0.09779,3.01419,0.3582,0.10189,0.87721,0.99913,1,0.995,0.99304,0.86591,0.86667,0.86691,0.47412,0.20881,3.01145,0.3686,0.30047,0.54329,0.0045352,0.0045352,0.0045352
278,619.927,0.09575,2.90487,0.35877,0.10345,0.88222,0.99912,1,0.995,0.98876,0.91592,0.91667,0.91794,0.50601,0.20351,2.8562,0.36606,0.28061,0.5426,0.0045154,0.0045154,0.0045154
279,622.059,0.09722,2.90188,0.34494,0.10442,0.88542,0.99912,1,0.995,0.98907,0.91591,0.91667,0.93236,0.50256,0.20572,2.87995,0.38012,0.28645,0.54817,0.0044956,0.0044956,0.0044956
280,624.293,0.09567,2.88578,0.34614,0.10273,0.88473,0.99912,1,0.995,0.99275,0.89921,0.9,0.89311,0.50743,0.2075,2.83086,0.36411,0.30829,0.54965,0.0044758,0.0044758,0.0044758
281,626.473,0.09687,2.87918,0.34438,0.10819,0.89473,0.9991,1,0.995,0.98901,0.9325,0.93333,0.92336,0.51823,0.2079,2.75876,0.34923,0.33192,0.54694,0.004456,0.004456,0.004456
282,628.763,0.09774,3.03548,0.35422,0.10529,0.88265,0.99913,1,0.995,0.99171,0.91585,0.91667,0.89355,0.51189,0.1997,2.777,0.35693,0.27128,0.51559,0.0044362,0.0044362,0.0044362
283,630.978,0.09768,2.8726,0.3431,0.10194,0.89794,0.99915,1,0.995,0.99321,0.93254,0.93333,0.9325,0.51073,0.19935,2.86093,0.36383,0.2669,0.49798,0.0044164,0.0044164,0.0044164
284,633.351,0.09763,2.97509,0.34608,0.10455,0.88617,0.99914,1,0.995,0.99441,0.93253,0.93333,0.9407,0.52983,0.20921,2.89262,0.36135,0.26177,0.51424,0.0043966,0.0043966,0.0043966
285,635.533,0.09434,3.10214,0.34509,0.10379,0.87933,0.99913,1,0.995,0.98939,0.94917,0.95,0.95214,0.55442,0.20899,2.86302,0.36124,0.29667,0.53531,0.0043768,0.0043768,0.0043768
286,637.754,0.09415,3.00754,0.33697,0.103,0.88185,0.99912,1,0.995,0.98705,0.88285,0.88333,0.91372,0.53603,0.20715,2.88332,0.34881,0.28748,0.53334,0.004357,0.004357,0.004357
287,639.954,0.09533,2.85498,0.32914,0.10346,0.88471,0.99913,1,0.995,0.99211,0.93268,0.93333,0.94925,0.5515,0.21043,2.80583,0.33827,0.25881,0.53034,0.0043372,0.0043372,0.0043372
288,642.177,0.09191,2.89989,0.3274,0.09958,0.87597,0.99913,1,0.995,0.99091,0.93252,0.93333,0.95033,0.54528,0.20962,2.79124,0.33997,0.26462,0.52165,0.0043174,0.0043174,0.0043174
289,644.359,0.08978,2.87868,0.33019,0.09771,0.88759,0.99914,1,0.995,0.99446,0.93253,0.93333,0.94895,0.56155,0.20325,2.81414,0.34647,0.26504,0.5286,0.0042976,0.0042976,0.0042976
290,646.586,0.10028,2.86184,0.33199,0.10728,0.88124,0.99911,1,0.995,0.99351,0.94915,0.95,0.9546,0.53893,0.20791,2.86377,0.3503,0.26753,0.54206,0.0042778,0.0042778,0.0042778
291,648.76,0.09435,2.91053,0.33022,0.10385,0.88777,0.99912,1,0.995,0.99192,0.93251,0.93333,0.94676,0.55105,0.20546,2.82923,0.3442,0.27436,0.54885,0.004258,0.004258,0.004258
292,650.934,0.08806,2.88655,0.31649,0.10016,0.88618,0.99913,1,0.995,0.99333,0.94917,0.95,0.95549,0.55006,0.20805,2.79114,0.34081,0.29609,0.55792,0.0042382,0.0042382,0.0042382
293,653.095,0.08778,2.81075,0.31924,0.09679,0.88684,0.99914,1,0.995,0.99045,0.94918,0.95,0.95861,0.54037,0.20055,2.78133,0.33592,0.31389,0.54517,0.0042184,0.0042184,0.0042184
294,655.371,0.092,2.81698,0.31927,0.09911,0.87881,0.99913,1,0.995,0.99379,0.94918,0.95,0.9589,0.54457,0.19805,2.74109,0.32724,0.35703,0.53235,0.0041986,0.0041986,0.0041986
295,657.519,0.09379,2.89851,0.31099,0.0985,0.88784,0.99912,1,0.995,0.9925,0.94916,0.95,0.95787,0.52393,0.189,2.8135,0.33349,0.36499,0.51101,0.0041788,0.0041788,0.0041788
296,659.74,0.09921,2.81852,0.30881,0.10139,0.8871,0.99913,1,0.995,0.99066,0.89931,0.9,0.9233,0.526,0.20864,2.82283,0.33641,0.27135,0.55062,0.004159,0.004159,0.004159
297,661.92,0.09351,2.82088,0.31161,0.10056,0.88364,0.99911,1,0.995,0.99351,0.91601,0.91667,0.93726,0.53447,0.21133,2.79698,0.32762,0.27077,0.5584,0.0041392,0.0041392,0.0041392
298,664.171,0.09175,2.86279,0.31846,0.10036,0.87766,0.99911,1,0.995,0.99024,0.9325,0.93333,0.94617,0.55222,0.20138,2.75423,0.32767,0.28247,0.54714,0.0041194,0.0041194,0.0041194
299,666.424,0.09266,2.91737,0.30674,0.10105,0.89512,0.9991,1,0.995,0.98759,0.94914,0.95,0.94987,0.50891,0.20782,2.78568,0.33917,0.29247,0.55083,0.0040996,0.0040996,0.0040996
300,668.635,0.09452,2.81297,0.29811,0.10385,0.88532,0.99904,1,0.995,0.98618,0.94909,0.95,0.95513,0.52692,0.20891,2.74599,0.34248,0.29841,0.54015,0.0040798,0.0040798,0.0040798
301,670.847,0.0968,2.84431,0.30122,0.10697,0.87657,0.99906,1,0.995,0.9894,0.93279,0.93333,0.94164,0.51481,0.21676,2.81849,0.32283,0.26561,0.54008,0.00406,0.00406,0.00406
302,673.282,0.09453,2.87784,0.30455,0.09986,0.8846,0.99913,1,0.995,0.99071,0.93252,0.93333,0.91052,0.49085,0.20894,2.82199,0.31262,0.26828,0.53749,0.0040402,0.0040402,0.0040402
303,675.488,0.09496,2.92051,0.31078,0.10073,0.88826,0.99912,1,0.995,0.99435,0.93252,0.93333,0.92272,0.50715,0.21524,2.76704,0.31853,0.28115,0.55252,0.0040204,0.0040204,0.0040204
304,677.684,0.09248,2.80595,0.2953,0.09973,0.89534,0.99912,1,0.995,0.99438,0.94916,0.95,0.94196,0.52049,0.20929,2.71798,0.30448,0.27398,0.55288,0.0040006,0.0040006,0.0040006
305,679.934,0.09313,2.83076,0.29022,0.10059,0.88341,0.99913,1,0.995,0.99437,0.93252,0.93333,0.94013,0.52214,0.21126,2.71593,0.31212,0.27062,0.54979,0.0039808,0.0039808,0.0039808
306,682.106,0.09055,2.82816,0.29601,0.09913,0.88533,0.99912,1,0.995,0.99233,0.93251,0.93333,0.92935,0.55311,0.21368,2.68397,0.30388,0.25348,0.555,0.003961,0.003961,0.003961
307,684.244,0.08821,2.88475,0.29394,0.09576,0.87552,0.99912,1,0.995,0.9937,0.93251,0.93333,0.92218,0.55099,0.209,2.71491,0.30266,0.26833,0.55445,0.0039412,0.0039412,0.0039412
308,686.444,0.08943,2.82398,0.28322,0.09613,0.87896,0.99912,1,0.995,0.99244,0.94917,0.95,0.95476,0.59382,0.21597,2.66364,0.3013,0.27815,0.56511,0.0039214,0.0039214,0.0039214
309,688.637,0.08797,2.84229,0.28639,0.0953,0.88695,0.99912,1,0.995,0.99446,0.94916,0.95,0.95952,0.57952,0.21208,2.68774,0.29478,0.31907,0.55576,0.0039016,0.0039016,0.0039016
310,690.908,0.08986,2.87675,0.28802,0.10043,0.88268,0.99911,1,0.995,0.9945,0.94916,0.95,0.95834,0.56847,0.19998,2.67674,0.29652,0.34775,0.52734,0.0038818,0.0038818,0.0038818
311,693.171,0.08925,2.81761,0.2932,0.09865,0.87741,0.99911,1,0.995,0.99361,0.9325,0.93333,0.9441,0.56776,0.19909,2.7774,0.32359,0.32938,0.52449,0.003862,0.003862,0.003862
312,695.38,0.09725,2.86852,0.28501,0.10091,0.88151,0.99912,1,0.995,0.99032,0.93251,0.93333,0.94627,0.56242,0.20812,2.78262,0.32113,0.30835,0.54845,0.0038422,0.0038422,0.0038422
313,697.563,0.08917,2.83684,0.28488,0.0939,0.87999,0.99912,1,0.995,0.99211,0.91586,0.91667,0.9324,0.5576,0.21008,2.77897,0.3116,0.28468,0.55735,0.0038224,0.0038224,0.0038224
314,699.75,0.09459,2.84621,0.28074,0.09697,0.88587,0.99902,1,0.995,0.9934,0.93255,0.93333,0.95336,0.54721,0.21921,2.74272,0.30743,0.26411,0.55018,0.0038026,0.0038026,0.0038026
315,701.979,0.09086,2.88401,0.2919,0.09595,0.88342,0.999,1,0.995,0.98106,0.9324,0.93333,0.95378,0.55913,0.21359,2.77308,0.2968,0.2491,0.54455,0.0037828,0.0037828,0.0037828
316,704.295,0.08998,2.82064,0.2848,0.09336,0.88096,0.99911,1,0.995,0.99306,0.91586,0.91667,0.92906,0.54123,0.21006,2.78696,0.29393,0.24111,0.5449,0.003763,0.003763,0.003763
317,706.483,0.08555,2.80326,0.27755,0.09398,0.88145,0.9991,1,0.995,0.99161,0.93249,0.93333,0.94316,0.53934,0.20211,2.77056,0.30821,0.24277,0.54498,0.0037432,0.0037432,0.0037432
318,708.695,0.08587,2.85003,0.27572,0.09636,0.87184,0.99907,1,0.995,0.9907,0.9158,0.91667,0.92729,0.53089,0.21274,2.74571,0.29535,0.2619,0.57419,0.0037234,0.0037234,0.0037234
319,710.841,0.0879,2.786,0.26683,0.09548,0.885,0.9991,1,0.995,0.99046,0.94915,0.95,0.94897,0.54326,0.21144,2.67982,0.30244,0.25476,0.56365,0.0037036,0.0037036,0.0037036
320,713.037,0.08519,2.71168,0.27873,0.09085,0.88653,0.99915,1,0.995,0.99437,0.94919,0.95,0.95143,0.53224,0.2003,2.64938,0.29316,0.24263,0.53458,0.0036838,0.0036838,0.0036838
321,715.458,0.08364,2.82187,0.28025,0.08886,0.86652,0.99912,1,0.995,0.99437,0.94917,0.95,0.94871,0.52264,0.20405,2.66742,0.28737,0.25322,0.5331,0.003664,0.003664,0.003664
322,717.775,0.08573,2.82425,0.26453,0.09199,0.88536,0.9991,1,0.995,0.99442,0.94914,0.95,0.95236,0.54411,0.20345,2.69284,0.27794,0.23984,0.53846,0.0036442,0.0036442,0.0036442
323,719.924,0.08528,2.76702,0.26997,0.09223,0.87779,0.99913,1,0.995,0.98992,0.94917,0.95,0.95389,0.53246,0.20747,2.6731,0.25862,0.23034,0.545,0.0036244,0.0036244,0.0036244
324,722.133,0.08127,2.80086,0.26498,0.09023,0.8721,0.99912,1,0.995,0.98358,0.94917,0.95,0.95666,0.55812,0.21109,2.65396,0.27935,0.24372,0.55636,0.0036046,0.0036046,0.0036046
325,724.32,0.08772,2.73316,0.25096,0.09446,0.86709,0.99913,1,0.995,0.99057,0.94918,0.95,0.95776,0.55203,0.20928,2.67274,0.28645,0.25287,0.5564,0.0035848,0.0035848,0.0035848
326,726.558,0.08298,2.79658,0.26427,0.09187,0.87753,0.99915,1,0.995,0.99417,0.94919,0.95,0.95776,0.54579,0.21055,2.69622,0.29748,0.25202,0.5476,0.003565,0.003565,0.003565
327,728.85,0.08715,2.74022,0.2635,0.09571,0.88132,0.99913,1,0.995,0.99325,0.93281,0.93333,0.94655,0.54434,0.20536,2.71473,0.29569,0.29637,0.53738,0.0035452,0.0035452,0.0035452
328,731.043,0.08586,2.72873,0.26362,0.09326,0.88631,0.99913,1,0.995,0.99248,0.94917,0.95,0.95707,0.57322,0.20349,2.6357,0.26568,0.29975,0.53659,0.0035254,0.0035254,0.0035254
329,733.203,0.08797,2.75244,0.26379,0.09045,0.87885,0.99913,1,0.995,0.99451,0.94917,0.95,0.95896,0.57335,0.19704,2.6565,0.25841,0.30651,0.51933,0.0035056,0.0035056,0.0035056
330,735.396,0.08995,2.81433,0.27522,0.08992,0.86618,0.99913,1,0.995,0.99362,0.93252,0.93333,0.95015,0.59451,0.19799,2.6317,0.26279,0.30964,0.5239,0.0034858,0.0034858,0.0034858
331,737.588,0.08844,2.73083,0.2637,0.09105,0.87798,0.99914,1,0.995,0.99354,0.93252,0.93333,0.95035,0.59337,0.20265,2.64059,0.24486,0.29947,0.52666,0.003466,0.003466,0.003466
332,739.789,0.08813,2.86661,0.25553,0.09268,0.87113,0.99912,1,0.995,0.99333,0.94925,0.95,0.96099,0.56221,0.2081,2.68699,0.2483,0.27533,0.53273,0.0034462,0.0034462,0.0034462
333,742.113,0.08729,2.83558,0.26708,0.09396,0.87439,0.99914,1,0.995,0.99106,0.9493,0.95,0.96008,0.56137,0.20347,2.70939,0.24908,0.27394,0.52988,0.0034264,0.0034264,0.0034264
334,744.318,0.08692,2.66452,0.25814,0.09069,0.88286,0.99911,1,0.995,0.98975,0.94916,0.95,0.95881,0.56369,0.19791,2.70365,0.245,0.2934,0.52894,0.0034066,0.0034066,0.0034066
335,746.511,0.08557,2.71135,0.2524,0.09534,0.87965,0.9991,1,0.995,0.98448,0.94915,0.95,0.95951,0.57191,0.19768,2.69097,0.25771,0.28001,0.53868,0.0033868,0.0033868,0.0033868
336,748.671,0.08672,2.73203,0.25094,0.09228,0.88468,0.9991,1,0.995,0.97659,0.9325,0.93333,0.93812,0.56579,0.20838,2.64579,0.26493,0.27786,0.56685,0.003367,0.003367,0.003367
337,750.865,0.08516,2.70995,0.24437,0.09073,0.88342,0.99912,1,0.995,0.98262,0.94916,0.95,0.95962,0.58386,0.21339,2.64054,0.2589,0.25885,0.56666,0.0033472,0.0033472,0.0033472
338,753.145,0.08662,2.70802,0.26657,0.0923,0.85938,0.99914,1,0.995,0.98299,0.93253,0.93333,0.94262,0.55659,0.21196,2.70203,0.2604,0.27006,0.56141,0.0033274,0.0033274,0.0033274
339,755.333,0.0841,2.66595,0.24236,0.08816,0.8788,0.99915,1,0.995,0.98404,0.94919,0.95,0.95754,0.57283,0.21438,2.62376,0.27039,0.26384,0.56592,0.0033076,0.0033076,0.0033076
340,757.535,0.08343,2.77962,0.24969,0.09072,0.8719,0.99914,1,0.995,0.9788,0.94918,0.95,0.95672,0.56715,0.22194,2.65456,0.28423,0.27479,0.57517,0.0032878,0.0032878,0.0032878
341,759.907,0.08431,2.66516,0.24141,0.08804,0.87965,0.99913,1,0.995,0.98155,0.93252,0.93333,0.92025,0.53864,0.2167,2.68269,0.26768,0.27986,0.56789,0.003268,0.003268,0.003268
342,762.11,0.08814,2.76274,0.24564,0.09141,0.88384,0.99911,1,0.995,0.98514,0.9325,0.93333,0.93384,0.55506,0.20846,2.70299,0.24582,0.29136,0.56134,0.0032482,0.0032482,0.0032482
343,764.25,0.08498,2.73257,0.2405,0.09027,0.88819,0.9991,1,0.995,0.98779,0.9325,0.93333,0.93118,0.54554,0.20791,2.71375,0.24467,0.31041,0.56184,0.0032284,0.0032284,0.0032284
344,766.561,0.08442,2.80387,0.24301,0.09601,0.88241,0.99912,1,0.995,0.9886,0.93249,0.93333,0.94544,0.55694,0.20724,2.65949,0.23424,0.30949,0.55097,0.0032086,0.0032086,0.0032086
345,768.77,0.08196,2.71412,0.2393,0.08926,0.87988,0.99911,1,0.995,0.99429,0.94976,0.95,0.95964,0.56884,0.19598,2.66266,0.22869,0.31545,0.52419,0.0031888,0.0031888,0.0031888
346,770.923,0.08572,2.78821,0.23716,0.09394,0.88788,0.99903,1,0.995,0.99358,0.94908,0.95,0.95957,0.56963,0.19205,2.62729,0.22436,0.31987,0.50417,0.003169,0.003169,0.003169
347,773.087,0.0852,2.67832,0.23933,0.09212,0.87774,0.99908,1,0.995,0.99025,0.93281,0.93333,0.94449,0.55908,0.19296,2.60468,0.23281,0.3359,0.51182,0.0031492,0.0031492,0.0031492
348,775.335,0.08612,2.74236,0.23351,0.09145,0.87418,0.99909,1,0.995,0.98984,0.93249,0.93333,0.94576,0.55526,0.20231,2.60762,0.22965,0.37561,0.52311,0.0031294,0.0031294,0.0031294
349,777.543,0.08808,2.74137,0.23877,0.09036,0.8778,0.99913,1,0.995,0.98416,0.94942,0.95,0.95757,0.57087,0.1972,2.61512,0.22975,0.40551,0.51497,0.0031096,0.0031096,0.0031096
350,779.808,0.08489,2.71919,0.2433,0.09022,0.892,0.99914,1,0.995,0.98224,0.94947,0.95,0.95862,0.56186,0.20293,2.61731,0.22279,0.34788,0.53143,0.0030898,0.0030898,0.0030898
351,781.984,0.08154,2.70005,0.22168,0.09134,0.87827,0.99914,1,0.995,0.98896,0.93273,0.93333,0.94766,0.55353,0.20283,2.72221,0.25523,0.36853,0.53857,0.00307,0.00307,0.00307
352,784.191,0.08141,2.73425,0.24231,0.09331,0.87963,0.99914,1,0.995,0.99045,0.94932,0.95,0.95899,0.58105,0.19595,2.67582,0.23444,0.40462,0.52728,0.0030502,0.0030502,0.0030502
353,786.331,0.08399,2.74922,0.23299,0.08756,0.87678,0.99911,1,0.995,0.99447,0.94927,0.95,0.95831,0.57459,0.18395,2.68932,0.23848,0.42655,0.50732,0.0030304,0.0030304,0.0030304
354,788.555,0.0797,2.69078,0.23516,0.08547,0.8774,0.99906,1,0.995,0.99445,0.9491,0.95,0.95861,0.56276,0.17967,2.64015,0.23364,0.43309,0.49907,0.0030106,0.0030106,0.0030106
355,790.779,0.08107,2.68822,0.22877,0.08671,0.88605,0.99907,1,0.995,0.99427,0.94912,0.95,0.95868,0.5831,0.18161,2.62231,0.23914,0.35093,0.50764,0.0029908,0.0029908,0.0029908
356,793.054,0.08244,2.66404,0.23707,0.0907,0.87341,0.99904,1,0.995,0.99212,0.94909,0.95,0.95408,0.55401,0.18827,2.676,0.22972,0.33188,0.52073,0.002971,0.002971,0.002971
357,795.236,0.08302,2.68787,0.2198,0.08633,0.85967,0.99894,1,0.995,0.98651,0.93248,0.93333,0.93933,0.5416,0.19935,2.72535,0.2147,0.33648,0.54307,0.0029512,0.0029512,0.0029512
358,797.444,0.08309,2.65766,0.22625,0.08976,0.87761,0.99896,1,0.995,0.9833,0.94927,0.95,0.95434,0.5571,0.19987,2.69626,0.20792,0.36095,0.54762,0.0029314,0.0029314,0.0029314
359,799.646,0.08403,2.68086,0.22634,0.08735,0.8809,0.99904,1,0.995,0.9828,0.94935,0.95,0.95641,0.55022,0.20565,2.64272,0.20876,0.34908,0.5536,0.0029116,0.0029116,0.0029116
360,802.076,0.08294,2.69657,0.2169,0.08752,0.88511,0.99905,1,0.995,0.97911,0.94917,0.95,0.95593,0.53856,0.20048,2.65815,0.19722,0.36965,0.54585,0.0028918,0.0028918,0.0028918
361,804.336,0.08377,2.68091,0.22455,0.08719,0.88583,0.99908,1,0.995,0.97748,0.93248,0.93333,0.9437,0.53131,0.19331,2.63413,0.19124,0.40026,0.53448,0.002872,0.002872,0.002872
362,806.548,0.07974,2.74888,0.22141,0.08331,0.87129,0.99906,1,0.995,0.96781,0.93246,0.93333,0.94584,0.55125,0.2008,2.65709,0.2066,0.35779,0.55036,0.0028522,0.0028522,0.0028522
363,808.74,0.08521,2.69162,0.22608,0.0906,0.86257,0.99909,1,0.995,0.96904,0.91605,0.91667,0.93354,0.53249,0.20483,2.75914,0.22141,0.33566,0.55608,0.0028324,0.0028324,0.0028324
364,810.941,0.08087,2.66626,0.21762,0.08725,0.87701,0.99911,1,0.995,0.96775,0.91585,0.91667,0.91361,0.55024,0.20209,2.63429,0.20778,0.33071,0.55593,0.0028126,0.0028126,0.0028126
365,813.096,0.08257,2.63731,0.22031,0.08581,0.8674,0.99909,1,0.995,0.97244,0.94924,0.95,0.95767,0.57665,0.20525,2.58731,0.20413,0.31978,0.55714,0.0027928,0.0027928,0.0027928
366,815.352,0.08316,2.72772,0.2226,0.08821,0.87837,0.99907,1,0.995,0.97086,0.94929,0.95,0.95743,0.57053,0.21457,2.58356,0.20163,0.27569,0.5732,0.002773,0.002773,0.002773
367,817.628,0.07928,2.6805,0.21351,0.08385,0.87374,0.99912,1,0.995,0.966,0.93277,0.93333,0.94653,0.57206,0.21383,2.61538,0.20575,0.25355,0.56871,0.0027532,0.0027532,0.0027532
368,819.86,0.07983,2.75356,0.21926,0.08834,0.86236,0.99912,1,0.995,0.9802,0.94943,0.95,0.95715,0.58921,0.2102,2.59805,0.20151,0.23788,0.54786,0.0027334,0.0027334,0.0027334
369,822.079,0.08303,2.68984,0.21831,0.09011,0.87541,0.9991,1,0.995,0.98552,0.93249,0.93333,0.94811,0.58693,0.20685,2.59472,0.19584,0.23625,0.53864,0.0027136,0.0027136,0.0027136
370,824.286,0.08659,2.69841,0.21888,0.09023,0.86696,0.99911,1,0.995,0.98667,0.93268,0.93333,0.94944,0.5824,0.20761,2.60727,0.19336,0.24641,0.5512,0.0026938,0.0026938,0.0026938
371,826.463,0.0811,2.7011,0.21037,0.08781,0.8818,0.9991,1,0.995,0.98395,0.94928,0.95,0.95727,0.59165,0.21005,2.574,0.19404,0.23967,0.56291,0.002674,0.002674,0.002674
372,828.769,0.07492,2.60578,0.20726,0.08237,0.88918,0.99911,1,0.995,0.9819,0.9325,0.93333,0.92519,0.55098,0.21288,2.67686,0.20326,0.24714,0.56867,0.0026542,0.0026542,0.0026542
373,830.95,0.08036,2.6809,0.20881,0.09114,0.86508,0.99913,1,0.995,0.98395,0.94917,0.95,0.95821,0.54413,0.21122,2.59336,0.2088,0.24284,0.56121,0.0026344,0.0026344,0.0026344
374,833.176,0.08333,2.7096,0.21399,0.08992,0.8688,0.99908,1,0.995,0.98522,0.94913,0.95,0.9601,0.57783,0.20886,2.57821,0.21887,0.23508,0.55329,0.0026146,0.0026146,0.0026146
375,835.34,0.07728,2.68767,0.2084,0.08416,0.89484,0.99906,1,0.995,0.98409,0.94911,0.95,0.95982,0.5787,0.20887,2.57152,0.21163,0.24592,0.56067,0.0025948,0.0025948,0.0025948
376,837.528,0.07611,2.65872,0.21933,0.08253,0.86964,0.99908,1,0.995,0.97852,0.94913,0.95,0.95987,0.57975,0.2155,2.5528,0.19304,0.26506,0.5805,0.002575,0.002575,0.002575
377,839.724,0.07739,2.61989,0.20708,0.08425,0.88726,0.99913,1,0.995,0.9849,0.93252,0.93333,0.94998,0.573,0.21863,2.58278,0.19161,0.27761,0.58693,0.0025552,0.0025552,0.0025552
378,842.238,0.07642,2.70759,0.22213,0.08381,0.87744,0.99913,1,0.995,0.98829,0.93252,0.93333,0.95082,0.5812,0.21303,2.5936,0.19786,0.27982,0.57194,0.0025354,0.0025354,0.0025354
379,844.41,0.07964,2.65651,0.20192,0.08454,0.8646,0.99914,1,0.995,0.98554,0.93253,0.93333,0.95222,0.56559,0.20907,2.64355,0.18553,0.25812,0.55787,0.0025156,0.0025156,0.0025156
380,846.57,0.07777,2.71682,0.21081,0.08328,0.87052,0.99913,1,0.995,0.98735,0.93252,0.93333,0.95276,0.58774,0.20836,2.60693,0.19237,0.26196,0.55997,0.0024958,0.0024958,0.0024958
381,848.774,0.07531,2.71573,0.21019,0.08053,0.88003,0.99913,1,0.995,0.99136,0.89955,0.9,0.92782,0.57991,0.21235,2.62766,0.19622,0.26291,0.57135,0.002476,0.002476,0.002476
382,850.992,0.08021,2.67295,0.20527,0.08437,0.88357,0.99914,1,0.995,0.99231,0.94918,0.95,0.96101,0.58286,0.21866,2.66869,0.20029,0.26042,0.57724,0.0024562,0.0024562,0.0024562
383,853.236,0.07493,2.63132,0.19704,0.08281,0.86534,0.99913,1,0.995,0.99116,0.94917,0.95,0.95968,0.58769,0.21474,2.58778,0.19366,0.2606,0.57518,0.0024364,0.0024364,0.0024364
384,855.461,0.07662,2.68965,0.20508,0.08507,0.86852,0.99913,1,0.995,0.99004,0.93252,0.93333,0.94582,0.57773,0.20535,2.68028,0.19985,0.25081,0.5583,0.0024166,0.0024166,0.0024166
385,857.675,0.07553,2.66692,0.20662,0.08033,0.88303,0.99913,1,0.995,0.99202,0.9159,0.91667,0.93816,0.57779,0.21016,2.72685,0.20484,0.24285,0.55645,0.0023968,0.0023968,0.0023968
386,859.871,0.07703,2.60452,0.19536,0.08297,0.86445,0.99912,1,0.995,0.9925,0.91592,0.91667,0.93895,0.58155,0.21845,2.71864,0.18932,0.24557,0.56555,0.002377,0.002377,0.002377
387,862.062,0.07736,2.64511,0.20345,0.08526,0.86088,0.99913,1,0.995,0.99251,0.91587,0.91667,0.93394,0.57667,0.22313,2.70522,0.19797,0.25618,0.56522,0.0023572,0.0023572,0.0023572
388,864.245,0.0747,2.60926,0.19323,0.08118,0.87805,0.99912,1,0.995,0.99159,0.93251,0.93333,0.94641,0.5937,0.21553,2.65435,0.19542,0.25792,0.55405,0.0023374,0.0023374,0.0023374
389,866.5,0.08114,2.66436,0.19991,0.0831,0.87499,0.99912,1,0.995,0.99123,0.94917,0.95,0.95777,0.59166,0.20905,2.62254,0.1917,0.25449,0.5488,0.0023176,0.0023176,0.0023176
390,868.677,0.07634,2.61409,0.2061,0.08084,0.87035,0.99912,1,0.995,0.9927,0.94917,0.95,0.9583,0.6012,0.20932,2.58137,0.18779,0.27798,0.55029,0.0022978,0.0022978,0.0022978
391,870.881,0.07468,2.7082,0.20049,0.08169,0.872,0.99912,1,0.995,0.99022,0.94916,0.95,0.96322,0.59811,0.20873,2.56026,0.18367,0.28242,0.55032,0.002278,0.002278,0.002278
392,873.084,0.08102,2.68513,0.19749,0.08473,0.87173,0.99911,1,0.995,0.99129,0.94926,0.95,0.96249,0.58443,0.20808,2.58683,0.17819,0.25554,0.55122,0.0022582,0.0022582,0.0022582
393,875.252,0.07633,2.70693,0.19408,0.08271,0.86908,0.99912,1,0.995,0.98914,0.9325,0.93333,0.94917,0.57145,0.20543,2.62,0.17572,0.25589,0.55205,0.0022384,0.0022384,0.0022384
394,877.443,0.0767,2.55746,0.18602,0.08466,0.88057,0.99914,1,0.995,0.9864,0.93253,0.93333,0.95176,0.57304,0.20907,2.68727,0.17489,0.25854,0.56082,0.0022186,0.0022186,0.0022186
395,879.674,0.07518,2.6177,0.19232,0.08168,0.87329,0.99913,1,0.995,0.98728,0.93252,0.93333,0.95168,0.58925,0.20948,2.68068,0.17767,0.2626,0.56256,0.0021988,0.0021988,0.0021988
396,881.878,0.07764,2.62757,0.1981,0.08327,0.87408,0.99914,1,0.995,0.99038,0.91592,0.91667,0.94191,0.58712,0.20624,2.69482,0.17819,0.26582,0.55171,0.002179,0.002179,0.002179
397,884.291,0.07507,2.55359,0.18699,0.08416,0.87324,0.99913,1,0.995,0.99047,0.91593,0.91667,0.94201,0.58831,0.20365,2.64297,0.17228,0.26301,0.54814,0.0021592,0.0021592,0.0021592
398,886.467,0.07726,2.63442,0.18724,0.0807,0.86724,0.99913,1,0.995,0.98899,0.94917,0.95,0.96099,0.60276,0.20279,2.55937,0.17274,0.26857,0.54294,0.0021394,0.0021394,0.0021394
399,888.703,0.07547,2.56269,0.19149,0.08399,0.87762,0.99914,1,0.995,0.98948,0.94918,0.95,0.96061,0.60132,0.20702,2.5544,0.17048,0.24362,0.53755,0.0021196,0.0021196,0.0021196
400,890.995,0.07356,2.62403,0.18193,0.08197,0.87662,0.99914,1,0.995,0.98727,0.94919,0.95,0.96227,0.58702,0.2104,2.622,0.18177,0.23223,0.5352,0.0020998,0.0020998,0.0020998
401,893.212,0.07417,2.64069,0.18547,0.08117,0.8683,0.99913,1,0.995,0.98967,0.93253,0.93333,0.94929,0.59511,0.207,2.64081,0.19516,0.25129,0.53683,0.00208,0.00208,0.00208
402,895.399,0.06958,2.62301,0.1968,0.0787,0.88242,0.99914,1,0.995,0.99177,0.94918,0.95,0.96186,0.58676,0.20259,2.63333,0.18872,0.26683,0.54252,0.0020602,0.0020602,0.0020602
403,897.613,0.07606,2.56559,0.17961,0.0839,0.87547,0.99914,1,0.995,0.99287,0.91602,0.91667,0.94355,0.59524,0.20094,2.64827,0.18329,0.26696,0.54405,0.0020404,0.0020404,0.0020404
404,899.826,0.07248,2.59929,0.18795,0.08057,0.87303,0.99915,1,0.995,0.99348,0.91589,0.91667,0.93999,0.59086,0.20256,2.64641,0.1807,0.2705,0.54014,0.0020206,0.0020206,0.0020206
405,901.964,0.07454,2.5768,0.18911,0.08044,0.86648,0.99914,1,0.995,0.99241,0.94918,0.95,0.96161,0.5994,0.20558,2.56601,0.17365,0.24515,0.54456,0.0020008,0.0020008,0.0020008
406,904.226,0.071,2.56497,0.18523,0.07802,0.8874,0.99914,1,0.995,0.98997,0.94918,0.95,0.9604,0.60283,0.20747,2.54807,0.16931,0.23489,0.54665,0.001981,0.001981,0.001981
407,906.412,0.07421,2.62991,0.18209,0.08319,0.86579,0.99914,1,0.995,0.99084,0.94918,0.95,0.95933,0.58914,0.20361,2.56565,0.16497,0.23987,0.54378,0.0019612,0.0019612,0.0019612
408,908.631,0.07564,2.56449,0.17819,0.08053,0.87805,0.99912,1,0.995,0.98808,0.94916,0.95,0.95727,0.59482,0.20128,2.5455,0.1706,0.24432,0.53917,0.0019414,0.0019414,0.0019414
409,910.845,0.07245,2.6471,0.19411,0.08132,0.87249,0.99913,1,0.995,0.991,0.94917,0.95,0.95809,0.59847,0.19798,2.55466,0.17554,0.23605,0.53211,0.0019216,0.0019216,0.0019216
410,912.985,0.0741,2.59667,0.19085,0.08059,0.86222,0.99913,1,0.995,0.98791,0.94917,0.95,0.95828,0.59518,0.19678,2.56144,0.17837,0.24226,0.5331,0.0019018,0.0019018,0.0019018
411,915.189,0.07353,2.59429,0.17688,0.07951,0.88183,0.99912,1,0.995,0.98763,0.94916,0.95,0.95771,0.59614,0.20037,2.57939,0.17418,0.25328,0.53568,0.001882,0.001882,0.001882
412,917.448,0.07848,2.56201,0.17777,0.08358,0.86192,0.99905,1,0.995,0.98956,0.9491,0.95,0.95836,0.57199,0.20274,2.58429,0.16883,0.25128,0.53622,0.0018622,0.0018622,0.0018622
413,919.632,0.07083,2.57055,0.1767,0.07858,0.87568,0.99904,1,0.995,0.98905,0.94909,0.95,0.95953,0.5669,0.20679,2.55745,0.1673,0.24241,0.53918,0.0018424,0.0018424,0.0018424
414,921.83,0.06853,2.57762,0.17768,0.07798,0.87798,0.99904,1,0.995,0.98863,0.94908,0.95,0.95974,0.57493,0.20854,2.54109,0.16668,0.24335,0.53987,0.0018226,0.0018226,0.0018226
415,924.245,0.07334,2.66117,0.18144,0.08122,0.85803,0.99904,1,0.995,0.98717,0.94909,0.95,0.96112,0.56905,0.20784,2.55049,0.16757,0.24852,0.54646,0.0018028,0.0018028,0.0018028
416,926.438,0.07277,2.61184,0.18329,0.08033,0.86588,0.99908,1,0.995,0.98724,0.94913,0.95,0.96277,0.57846,0.20785,2.54077,0.15937,0.24546,0.55629,0.001783,0.001783,0.001783
417,928.698,0.07433,2.61147,0.18464,0.07885,0.87749,0.99908,1,0.995,0.98548,0.94913,0.95,0.96046,0.58091,0.20895,2.56085,0.1583,0.25469,0.55972,0.0017632,0.0017632,0.0017632
418,930.959,0.07825,2.64928,0.18283,0.08516,0.87023,0.99909,1,0.995,0.99161,0.94914,0.95,0.95678,0.59088,0.20776,2.55795,0.16165,0.25707,0.56078,0.0017434,0.0017434,0.0017434
419,933.13,0.07269,2.52608,0.1773,0.08505,0.88569,0.99909,1,0.995,0.99274,0.94914,0.95,0.95727,0.58121,0.20747,2.57847,0.16211,0.25099,0.56016,0.0017236,0.0017236,0.0017236
420,935.302,0.06938,2.62305,0.18773,0.07833,0.86839,0.99907,1,0.995,0.98805,0.94911,0.95,0.95969,0.59089,0.2074,2.5536,0.16809,0.2676,0.56061,0.0017038,0.0017038,0.0017038
421,937.51,0.07127,2.63543,0.17817,0.08135,0.86471,0.99905,1,0.995,0.98785,0.94909,0.95,0.96209,0.60465,0.20398,2.54433,0.18222,0.28625,0.55522,0.001684,0.001684,0.001684
422,939.679,0.0736,2.59439,0.17279,0.08243,0.87003,0.99909,1,0.995,0.98962,0.94914,0.95,0.96139,0.59978,0.20234,2.52732,0.17607,0.26113,0.54894,0.0016642,0.0016642,0.0016642
423,942.016,0.07194,2.55932,0.18156,0.07881,0.86883,0.99909,1,0.995,0.98966,0.94914,0.95,0.96132,0.59775,0.19795,2.53201,0.16418,0.25454,0.54142,0.0016444,0.0016444,0.0016444
424,944.29,0.07019,2.57856,0.17845,0.07978,0.87673,0.99905,1,0.995,0.99016,0.94909,0.95,0.95987,0.59615,0.19613,2.53265,0.15949,0.24777,0.53834,0.0016246,0.0016246,0.0016246
425,946.476,0.07132,2.60016,0.17549,0.07851,0.87807,0.99907,1,0.995,0.98999,0.94912,0.95,0.95884,0.59776,0.19531,2.5208,0.16068,0.2459,0.53715,0.0016048,0.0016048,0.0016048
426,948.714,0.06933,2.52387,0.17588,0.07926,0.85968,0.99908,1,0.995,0.99443,0.94913,0.95,0.96031,0.59403,0.19575,2.52214,0.16733,0.24374,0.53436,0.001585,0.001585,0.001585
427,950.952,0.06982,2.5753,0.17587,0.07754,0.87608,0.99908,1,0.995,0.99435,0.94913,0.95,0.96114,0.60088,0.1992,2.52695,0.16772,0.2404,0.53805,0.0015652,0.0015652,0.0015652
428,953.213,0.07064,2.49641,0.16778,0.07563,0.87306,0.99909,1,0.995,0.992,0.94913,0.95,0.95884,0.58495,0.20166,2.54219,0.15925,0.2421,0.54036,0.0015454,0.0015454,0.0015454
429,955.453,0.0699,2.59109,0.17349,0.07696,0.88095,0.99908,1,0.995,0.99324,0.94913,0.95,0.95691,0.5836,0.19681,2.5331,0.16181,0.24566,0.53841,0.0015256,0.0015256,0.0015256
430,957.621,0.07169,2.55672,0.16951,0.07675,0.88318,0.99905,1,0.995,0.99329,0.93264,0.93333,0.94559,0.58657,0.19604,2.60988,0.17072,0.24566,0.53924,0.0015058,0.0015058,0.0015058
431,959.786,0.07136,2.62068,0.17319,0.07843,0.85847,0.99899,1,0.995,0.99333,0.94904,0.95,0.95588,0.59794,0.19804,2.54639,0.16751,0.25138,0.54085,0.001486,0.001486,0.001486
432,962.031,0.06828,2.62392,0.17064,0.07495,0.87927,0.99898,1,0.995,0.99161,0.94903,0.95,0.9571,0.60055,0.19774,2.54667,0.1573,0.25618,0.54483,0.0014662,0.0014662,0.0014662
433,964.207,0.06866,2.52043,0.16801,0.0745,0.87374,0.99889,1,0.995,0.99048,0.94895,0.95,0.95601,0.59768,0.20336,2.52785,0.15254,0.25087,0.55092,0.0014464,0.0014464,0.0014464
434,966.433,0.06768,2.56708,0.17055,0.07547,0.87925,0.9988,1,0.995,0.98936,0.94886,0.95,0.95499,0.60316,0.20773,2.5331,0.15561,0.24342,0.5502,0.0014266,0.0014266,0.0014266
435,968.874,0.0715,2.50998,0.16817,0.07366,0.86767,0.99875,1,0.995,0.99112,0.94882,0.95,0.95343,0.59555,0.20476,2.53456,0.15506,0.24057,0.54041,0.0014068,0.0014068,0.0014068
436,971.105,0.06746,2.5297,0.17023,0.07539,0.86632,0.9989,1,0.995,0.99203,0.94896,0.95,0.95125,0.58953,0.19434,2.5387,0.15388,0.24315,0.52984,0.001387,0.001387,0.001387
437,973.325,0.07035,2.56908,0.17539,0.07601,0.87713,0.99904,1,0.995,0.99327,0.94909,0.95,0.95154,0.58662,0.1913,2.53894,0.15389,0.23613,0.52471,0.0013672,0.0013672,0.0013672
438,975.533,0.07104,2.55062,0.17359,0.07864,0.86835,0.9991,1,0.995,0.99324,0.94914,0.95,0.95258,0.57854,0.19408,2.54621,0.15682,0.23397,0.52534,0.0013474,0.0013474,0.0013474
439,977.721,0.06551,2.58985,0.17245,0.07476,0.87322,0.99911,1,0.995,0.99026,0.94916,0.95,0.95459,0.59083,0.19212,2.54773,0.1541,0.23647,0.52655,0.0013276,0.0013276,0.0013276
440,980.005,0.06891,2.5832,0.17991,0.07477,0.86849,0.99913,1,0.995,0.9912,0.94917,0.95,0.95407,0.58698,0.19251,2.52985,0.1524,0.24428,0.52753,0.0013078,0.0013078,0.0013078
441,982.18,0.06756,2.52307,0.16521,0.07243,0.89069,0.9991,1,0.995,0.9918,0.94914,0.95,0.95173,0.58761,0.19361,2.54157,0.15348,0.23261,0.52229,0.001288,0.001288,0.001288
442,984.347,0.067,2.50375,0.16455,0.075,0.87385,0.99902,1,0.995,0.99223,0.94907,0.95,0.95218,0.58873,0.19269,2.53439,0.15642,0.23318,0.52274,0.0012682,0.0012682,0.0012682
443,986.566,0.06828,2.61354,0.17343,0.07457,0.86461,0.99902,1,0.995,0.99009,0.94907,0.95,0.95418,0.59609,0.19385,2.52781,0.15976,0.23741,0.52849,0.0012484,0.0012484,0.0012484
444,988.732,0.06792,2.56074,0.17756,0.07622,0.86536,0.99912,1,0.995,0.99054,0.94914,0.95,0.95459,0.59457,0.19251,2.5252,0.15951,0.24093,0.53357,0.0012286,0.0012286,0.0012286
445,990.934,0.06468,2.48747,0.16328,0.07335,0.88847,0.99912,1,0.995,0.99048,0.94916,0.95,0.95465,0.59227,0.19393,2.52187,0.15024,0.24395,0.54078,0.0012088,0.0012088,0.0012088
446,993.216,0.06592,2.56125,0.17335,0.07376,0.866,0.99913,1,0.995,0.98197,0.94917,0.95,0.95515,0.59564,0.19815,2.51911,0.14738,0.24198,0.54043,0.001189,0.001189,0.001189
447,995.422,0.06555,2.52144,0.15861,0.07281,0.86687,0.99913,1,0.995,0.98592,0.94917,0.95,0.95544,0.59258,0.1983,2.52038,0.148,0.24454,0.53949,0.0011692,0.0011692,0.0011692
448,997.617,0.06515,2.50798,0.16435,0.07217,0.86752,0.9991,1,0.995,0.98832,0.94915,0.95,0.95657,0.60311,0.19416,2.51361,0.15014,0.24258,0.53792,0.0011494,0.0011494,0.0011494
449,999.886,0.06785,2.51516,0.16723,0.07403,0.86712,0.99908,1,0.995,0.98962,0.94913,0.95,0.95473,0.58879,0.19498,2.54119,0.14921,0.24374,0.53995,0.0011296,0.0011296,0.0011296
450,1002.12,0.06534,2.52291,0.16549,0.07332,0.88151,0.99908,1,0.995,0.99061,0.94912,0.95,0.95385,0.5925,0.19055,2.52737,0.14834,0.2407,0.52979,0.0011098,0.0011098,0.0011098
451,1004.38,0.06464,2.45713,0.1563,0.07319,0.87679,0.99909,1,0.995,0.9893,0.94914,0.95,0.9517,0.58377,0.18849,2.53092,0.15286,0.23774,0.5239,0.00109,0.00109,0.00109
452,1006.62,0.06456,2.49074,0.16436,0.07505,0.87651,0.99911,1,0.995,0.99112,0.94915,0.95,0.95183,0.5673,0.19092,2.53576,0.15874,0.24125,0.52907,0.0010702,0.0010702,0.0010702
453,1008.86,0.06594,2.52906,0.16858,0.07429,0.871,0.99911,1,0.995,0.99219,0.94916,0.95,0.9525,0.56824,0.19466,2.54498,0.16048,0.24662,0.53581,0.0010504,0.0010504,0.0010504
454,1011.02,0.06787,2.55123,0.16724,0.07292,0.87897,0.99914,1,0.995,0.99212,0.94918,0.95,0.95321,0.57767,0.1974,2.53108,0.1523,0.25192,0.53757,0.0010306,0.0010306,0.0010306
455,1013.21,0.06772,2.49574,0.1608,0.07598,0.87563,0.99914,1,0.995,0.99326,0.94917,0.95,0.95321,0.59647,0.19813,2.50129,0.14986,0.24718,0.5386,0.0010108,0.0010108,0.0010108
456,1015.63,0.06343,2.48491,0.1539,0.0717,0.86986,0.99914,1,0.995,0.99169,0.94918,0.95,0.95451,0.60445,0.19712,2.47345,0.15083,0.24033,0.53797,0.000991,0.000991,0.000991
457,1017.88,0.06431,2.54394,0.16289,0.07261,0.87017,0.99914,1,0.995,0.99225,0.94918,0.95,0.95377,0.59909,0.19773,2.47847,0.15112,0.24083,0.53642,0.0009712,0.0009712,0.0009712
458,1020.06,0.06639,2.47462,0.16055,0.07484,0.87758,0.99913,1,0.995,0.98953,0.94918,0.95,0.95324,0.58523,0.19612,2.50347,0.15763,0.24572,0.5343,0.0009514,0.0009514,0.0009514
459,1022.22,0.06642,2.48667,0.15853,0.07726,0.86221,0.99912,1,0.995,0.99073,0.94925,0.95,0.95417,0.58199,0.19621,2.52091,0.15803,0.24448,0.53653,0.0009316,0.0009316,0.0009316
460,1024.43,0.06789,2.54062,0.1625,0.07384,0.85542,0.99913,1,0.995,0.99059,0.94927,0.95,0.95425,0.58156,0.19648,2.53811,0.15397,0.24394,0.53509,0.0009118,0.0009118,0.0009118
461,1026.55,0.06549,2.53325,0.16367,0.0745,0.87005,0.99912,1,0.995,0.99044,0.94916,0.95,0.95292,0.57689,0.19544,2.55754,0.1541,0.2454,0.52883,0.000892,0.000892,0.000892
462,1028.82,0.06487,2.49386,0.16493,0.07346,0.86363,0.99912,1,0.995,0.99048,0.94929,0.95,0.95453,0.56939,0.19554,2.55087,0.1518,0.25601,0.52605,0.0008722,0.0008722,0.0008722
463,1031.01,0.06556,2.54217,0.16227,0.07445,0.8568,0.99912,1,0.995,0.98649,0.9493,0.95,0.95395,0.58089,0.1955,2.52564,0.15256,0.2586,0.53003,0.0008524,0.0008524,0.0008524
464,1033.21,0.06045,2.4436,0.16311,0.06785,0.86767,0.99914,1,0.995,0.98655,0.94928,0.95,0.95123,0.5761,0.196,2.49748,0.15623,0.2576,0.53681,0.0008326,0.0008326,0.0008326
465,1035.42,0.06271,2.44738,0.15535,0.07384,0.87257,0.99912,1,0.995,0.98737,0.94926,0.95,0.9536,0.57935,0.19662,2.49192,0.16324,0.25646,0.54323,0.0008128,0.0008128,0.0008128
466,1037.63,0.06146,2.43637,0.15472,0.06615,0.88981,0.9991,1,0.995,0.98831,0.94925,0.95,0.95292,0.5817,0.20069,2.4886,0.15218,0.26094,0.54906,0.000793,0.000793,0.000793
467,1039.86,0.06282,2.50082,0.1609,0.07158,0.86483,0.99909,1,0.995,0.98799,0.94922,0.95,0.95195,0.57717,0.20224,2.48286,0.14626,0.26094,0.548,0.0007732,0.0007732,0.0007732
468,1042.12,0.06305,2.47899,0.16331,0.06918,0.87226,0.99905,1,0.995,0.98798,0.94919,0.95,0.95333,0.58114,0.20035,2.47596,0.14565,0.25711,0.54227,0.0007534,0.0007534,0.0007534
469,1044.31,0.06116,2.47739,0.16919,0.07111,0.86599,0.99903,1,0.995,0.98809,0.94917,0.95,0.95347,0.58116,0.20022,2.46947,0.14766,0.25606,0.53566,0.0007336,0.0007336,0.0007336
470,1046.55,0.06298,2.46496,0.15537,0.07163,0.86598,0.99906,1,0.995,0.98927,0.94918,0.95,0.95365,0.57668,0.19537,2.48418,0.15084,0.25491,0.52981,0.0007138,0.0007138,0.0007138
471,1048.73,0.06204,2.49439,0.1565,0.06726,0.8735,0.99908,1,0.995,0.98658,0.94921,0.95,0.95365,0.57603,0.19304,2.48467,0.1506,0.2497,0.52776,0.000694,0.000694,0.000694
472,1050.9,0.06276,2.47717,0.16003,0.06907,0.86952,0.99909,1,0.995,0.98933,0.94922,0.95,0.95395,0.57827,0.19157,2.47885,0.15105,0.24539,0.52606,0.0006742,0.0006742,0.0006742
473,1053.32,0.06156,2.41203,0.15853,0.06975,0.86099,0.9991,1,0.995,0.98947,0.94921,0.95,0.95421,0.57448,0.19222,2.46989,0.14967,0.24717,0.52996,0.0006544,0.0006544,0.0006544
474,1055.61,0.06052,2.47832,0.1616,0.06692,0.86703,0.99909,1,0.995,0.98841,0.94914,0.95,0.95344,0.58259,0.19575,2.44443,0.14804,0.2492,0.53602,0.0006346,0.0006346,0.0006346
475,1057.8,0.06035,2.52125,0.1688,0.06886,0.86862,0.99912,1,0.995,0.98813,0.94914,0.95,0.95244,0.58537,0.19677,2.43765,0.14633,0.24884,0.53677,0.0006148,0.0006148,0.0006148
476,1059.98,0.0628,2.52343,0.16622,0.06908,0.86497,0.99912,1,0.995,0.98935,0.94916,0.95,0.95183,0.58339,0.19608,2.42196,0.15452,0.25022,0.53719,0.000595,0.000595,0.000595
477,1062.16,0.06198,2.48277,0.1638,0.07053,0.87785,0.9991,1,0.995,0.98824,0.94914,0.95,0.95282,0.5855,0.19642,2.43821,0.15102,0.24888,0.53617,0.0005752,0.0005752,0.0005752
478,1064.37,0.06313,2.5089,0.15973,0.07041,0.85267,0.99907,1,0.995,0.98721,0.94912,0.95,0.95282,0.58271,0.19613,2.4316,0.15018,0.24881,0.53362,0.0005554,0.0005554,0.0005554
479,1066.6,0.06026,2.44,0.15855,0.0682,0.86319,0.99906,1,0.995,0.98722,0.94911,0.95,0.95188,0.587,0.19611,2.41511,0.15011,0.24992,0.53223,0.0005356,0.0005356,0.0005356
480,1068.84,0.06347,2.44014,0.15087,0.06824,0.87597,0.99906,1,0.995,0.99058,0.9491,0.95,0.95196,0.59516,0.19311,2.40439,0.15238,0.24871,0.52793,0.0005158,0.0005158,0.0005158
481,1071.08,0.06211,2.45409,0.16468,0.06995,0.86965,0.99906,1,0.995,0.99058,0.9491,0.95,0.9526,0.60163,0.1933,2.40851,0.15351,0.24603,0.52738,0.000496,0.000496,0.000496
482,1073.31,0.05753,2.46891,0.15477,0.06725,0.87441,0.99907,1,0.995,0.98811,0.94912,0.95,0.9529,0.60102,0.19357,2.39701,0.15178,0.23979,0.52684,0.0004762,0.0004762,0.0004762
483,1075.58,0.06169,2.45138,0.15354,0.07151,0.8514,0.99908,1,0.995,0.9882,0.94913,0.95,0.9529,0.60154,0.19368,2.38745,0.15414,0.23952,0.52649,0.0004564,0.0004564,0.0004564
484,1077.81,0.06313,2.43387,0.15375,0.06861,0.85344,0.9991,1,0.995,0.98708,0.94914,0.95,0.95231,0.59622,0.19423,2.37307,0.15601,0.24887,0.52953,0.0004366,0.0004366,0.0004366
485,1080.08,0.0618,2.43388,0.15598,0.06941,0.86046,0.99911,1,0.995,0.98811,0.94916,0.95,0.95231,0.60106,0.19419,2.36465,0.15604,0.25321,0.53227,0.0004168,0.0004168,0.0004168
486,1082.34,0.06115,2.42221,0.1537,0.07165,0.85883,0.99911,1,0.995,0.9882,0.94916,0.95,0.95231,0.59877,0.19351,2.35365,0.15302,0.25537,0.53804,0.000397,0.000397,0.000397
487,1084.49,0.0628,2.45577,0.16412,0.06822,0.87366,0.99912,1,0.995,0.9882,0.94917,0.95,0.95154,0.59644,0.19469,2.34571,0.15108,0.25654,0.54071,0.0003772,0.0003772,0.0003772
488,1086.69,0.06108,2.40155,0.16001,0.06818,0.86993,0.99912,1,0.995,0.99058,0.98246,0.98333,0.98926,0.6012,0.19637,2.33745,0.15086,0.2517,0.5433,0.0003574,0.0003574,0.0003574
489,1088.82,0.05603,2.33394,0.15234,0.06462,0.88518,0.99912,1,0.995,0.99063,0.98247,0.98333,0.98932,0.6045,0.19579,2.33546,0.1494,0.25513,0.54306,0.0003376,0.0003376,0.0003376
490,1091.08,0.06042,2.44797,0.1652,0.07022,0.86044,0.99913,1,0.995,0.99061,0.98248,0.98333,0.98932,0.60258,0.19377,2.31812,0.14869,0.25127,0.53832,0.0003178,0.0003178,0.0003178
491,1096.33,0.06005,2.39368,0.15829,0.06827,0.86818,0.99912,1,0.995,0.9907,0.98247,0.98333,0.98939,0.60679,0.1923,2.31167,0.1503,0.2498,0.53455,0.000298,0.000298,0.000298
492,1098.99,0.06101,2.377,0.15744,0.0723,0.8649,0.99913,1,0.995,0.99079,0.98248,0.98333,0.98952,0.60772,0.19202,2.30819,0.1557,0.24923,0.53324,0.0002782,0.0002782,0.0002782
493,1101.25,0.05972,2.38222,0.15034,0.06844,0.8814,0.99912,1,0.995,0.99072,0.98247,0.98333,0.98952,0.61061,0.19246,2.30048,0.15928,0.2494,0.53313,0.0002584,0.0002584,0.0002584
494,1103.53,0.06067,2.41946,0.15181,0.06828,0.86618,0.99912,1,0.995,0.99068,0.98247,0.98333,0.98952,0.61293,0.19447,2.29841,0.16174,0.24625,0.53364,0.0002386,0.0002386,0.0002386
495,1105.86,0.05899,2.31423,0.15339,0.06845,0.87374,0.99913,1,0.995,0.99069,0.98248,0.98333,0.98918,0.61619,0.19389,2.29229,0.16003,0.24745,0.53352,0.0002188,0.0002188,0.0002188
496,1108.14,0.05966,2.34647,0.1568,0.06589,0.86696,0.99913,1,0.995,0.99068,0.98248,0.98333,0.98952,0.61593,0.19442,2.29593,0.15561,0.24767,0.53358,0.000199,0.000199,0.000199
497,1110.36,0.06099,2.36262,0.15975,0.06942,0.87847,0.99914,1,0.995,0.99068,0.98247,0.98333,0.98925,0.61614,0.19421,2.29866,0.15344,0.24972,0.53401,0.0001792,0.0001792,0.0001792
498,1112.6,0.05719,2.3794,0.163,0.06563,0.86837,0.99914,1,0.995,0.99068,0.98247,0.98333,0.98925,0.61456,0.19395,2.29718,0.15115,0.24831,0.53474,0.0001594,0.0001594,0.0001594
499,1114.83,0.0606,2.31905,0.15605,0.0697,0.85875,0.99912,1,0.995,0.99074,0.98247,0.98333,0.98932,0.61652,0.1942,2.2936,0.15086,0.25058,0.5373,0.0001396,0.0001396,0.0001396
500,1117.16,0.05697,2.33909,0.15943,0.06675,0.86806,0.99913,1,0.995,0.99072,0.98248,0.98333,0.98932,0.62013,0.19488,2.2895,0.15317,0.25206,0.53883,0.0001198,0.0001198,0.0001198
